{"0": {"precision": 0.6470588235294118, "recall": 0.7333333333333333, "f1-score": 0.6875, "support": 45}, "1": {"precision": 0.4107142857142857, "recall": 0.4423076923076923, "f1-score": 0.42592592592592593, "support": 52}, "2": {"precision": 0.5689655172413793, "recall": 0.66, "f1-score": 0.6111111111111112, "support": 50}, "3": {"precision": 0.7, "recall": 0.4827586206896552, "f1-score": 0.5714285714285714, "support": 58}, "micro avg": {"precision": 0.5707317073170731, "recall": 0.5707317073170731, "f1-score": 0.5707317073170731, "support": 205}, "macro avg": {"precision": 0.5816846566212692, "recall": 0.5795999115826702, "f1-score": 0.5739914021164021, "support": 205}, "weighted avg": {"precision": 0.583039345258709, "recall": 0.5707317073170731, "f1-score": 0.5696783455929797, "support": 205}, "loss": 1.219575047492981, "Acc": 0.5707317073170731}
{"0": {"precision": 0.6545454545454545, "recall": 0.8, "f1-score": 0.7200000000000001, "support": 45}, "1": {"precision": 0.5333333333333333, "recall": 0.46153846153846156, "f1-score": 0.4948453608247423, "support": 52}, "2": {"precision": 0.5833333333333334, "recall": 0.56, "f1-score": 0.5714285714285714, "support": 50}, "3": {"precision": 0.6666666666666666, "recall": 0.6551724137931034, "f1-score": 0.6608695652173913, "support": 58}, "micro avg": {"precision": 0.6146341463414634, "recall": 0.6146341463414634, "f1-score": 0.6146341463414634, "support": 205}, "macro avg": {"precision": 0.609469696969697, "recall": 0.6191777188328913, "f1-score": 0.6117858743676763, "support": 205}, "weighted avg": {"precision": 0.609859571322986, "recall": 0.6146341463414634, "f1-score": 0.6099210834971897, "support": 205}, "loss": 1.0730904340744019, "Acc": 0.6146341463414634}
{"0": {"precision": 0.7906976744186046, "recall": 0.7555555555555555, "f1-score": 0.7727272727272727, "support": 45}, "1": {"precision": 0.46774193548387094, "recall": 0.5576923076923077, "f1-score": 0.5087719298245613, "support": 52}, "2": {"precision": 0.6170212765957447, "recall": 0.58, "f1-score": 0.5979381443298969, "support": 50}, "3": {"precision": 0.6792452830188679, "recall": 0.6206896551724138, "f1-score": 0.6486486486486486, "support": 58}, "micro avg": {"precision": 0.624390243902439, "recall": 0.624390243902439, "f1-score": 0.624390243902439, "support": 205}, "macro avg": {"precision": 0.638676542379272, "recall": 0.6284843796050692, "f1-score": 0.632021498882595, "support": 205}, "weighted avg": {"precision": 0.6348842255555125, "recall": 0.624390243902439, "f1-score": 0.6280360803010776, "support": 205}, "loss": 1.0375075340270996, "Acc": 0.624390243902439}
{"0": {"precision": 0.7446808510638298, "recall": 0.7777777777777778, "f1-score": 0.7608695652173912, "support": 45}, "1": {"precision": 0.35555555555555557, "recall": 0.6153846153846154, "f1-score": 0.4507042253521127, "support": 52}, "2": {"precision": 0.5918367346938775, "recall": 0.58, "f1-score": 0.5858585858585857, "support": 50}, "3": {"precision": 0.7894736842105263, "recall": 0.25862068965517243, "f1-score": 0.38961038961038963, "support": 58}, "micro avg": {"precision": 0.5414634146341464, "recall": 0.5414634146341464, "f1-score": 0.5414634146341464, "support": 205}, "macro avg": {"precision": 0.6203867063809473, "recall": 0.5579457707043914, "f1-score": 0.5467606915096198, "support": 205}, "weighted avg": {"precision": 0.6213699395398323, "recall": 0.5414634146341464, "f1-score": 0.534468692894753, "support": 205}, "loss": 1.131727695465088, "Acc": 0.5414634146341464}
{"0": {"precision": 0.813953488372093, "recall": 0.7777777777777778, "f1-score": 0.7954545454545455, "support": 45}, "1": {"precision": 0.40229885057471265, "recall": 0.6730769230769231, "f1-score": 0.5035971223021583, "support": 52}, "2": {"precision": 0.6904761904761905, "recall": 0.58, "f1-score": 0.6304347826086957, "support": 50}, "3": {"precision": 0.6666666666666666, "recall": 0.3793103448275862, "f1-score": 0.48351648351648346, "support": 58}, "micro avg": {"precision": 0.5902439024390244, "recall": 0.5902439024390244, "f1-score": 0.5902439024390244, "support": 205}, "macro avg": {"precision": 0.6433487990224157, "recall": 0.6025412614205718, "f1-score": 0.6032507334704708, "support": 205}, "weighted avg": {"precision": 0.6377459677907581, "recall": 0.5902439024390244, "f1-score": 0.5929180491685737, "support": 205}, "loss": 1.0973085165023804, "Acc": 0.5902439024390244}
