{"0": {"precision": 0.5641025641025641, "recall": 0.4888888888888889, "f1-score": 0.5238095238095238, "support": 45}, "1": {"precision": 0.39622641509433965, "recall": 0.8076923076923077, "f1-score": 0.5316455696202532, "support": 52}, "2": {"precision": 0.4074074074074074, "recall": 0.44, "f1-score": 0.4230769230769231, "support": 50}, "3": {"precision": 1.0, "recall": 0.10344827586206896, "f1-score": 0.1875, "support": 58}, "micro avg": {"precision": 0.44878048780487806, "recall": 0.44878048780487806, "f1-score": 0.44878048780487806, "support": 205}, "macro avg": {"precision": 0.5919340966510778, "recall": 0.4600073681108164, "f1-score": 0.41650800412667505, "support": 205}, "weighted avg": {"precision": 0.6066280943409337, "recall": 0.44878048780487806, "f1-score": 0.40607728949038, "support": 205}, "loss": 1.186144471168518, "Acc": 0.44878048780487806}
{"0": {"precision": 0.6206896551724138, "recall": 0.4, "f1-score": 0.4864864864864865, "support": 45}, "1": {"precision": 0.46511627906976744, "recall": 0.7692307692307693, "f1-score": 0.5797101449275363, "support": 52}, "2": {"precision": 0.45901639344262296, "recall": 0.56, "f1-score": 0.5045045045045045, "support": 50}, "3": {"precision": 0.7241379310344828, "recall": 0.3620689655172414, "f1-score": 0.4827586206896552, "support": 58}, "micro avg": {"precision": 0.5219512195121951, "recall": 0.5219512195121951, "f1-score": 0.5219512195121951, "support": 205}, "macro avg": {"precision": 0.5672400646798218, "recall": 0.5228249336870027, "f1-score": 0.5133649391520456, "support": 205}, "weighted avg": {"precision": 0.571062930080574, "recall": 0.5219512195121951, "f1-score": 0.5134733885529219, "support": 205}, "loss": 1.1091748476028442, "Acc": 0.5219512195121951}
{"0": {"precision": 0.6551724137931034, "recall": 0.4222222222222222, "f1-score": 0.5135135135135135, "support": 45}, "1": {"precision": 0.5205479452054794, "recall": 0.7307692307692307, "f1-score": 0.608, "support": 52}, "2": {"precision": 0.4533333333333333, "recall": 0.68, "f1-score": 0.544, "support": 50}, "3": {"precision": 0.7142857142857143, "recall": 0.3448275862068966, "f1-score": 0.46511627906976755, "support": 58}, "micro avg": {"precision": 0.5414634146341464, "recall": 0.5414634146341464, "f1-score": 0.5414634146341464, "support": 205}, "macro avg": {"precision": 0.5858348516544076, "recall": 0.5444547597995875, "f1-score": 0.5326574481458203, "support": 205}, "weighted avg": {"precision": 0.5885194627639643, "recall": 0.5414634146341464, "f1-score": 0.5312236697275835, "support": 205}, "loss": 1.118186354637146, "Acc": 0.5414634146341464}
{"0": {"precision": 0.631578947368421, "recall": 0.5333333333333333, "f1-score": 0.5783132530120482, "support": 45}, "1": {"precision": 0.5147058823529411, "recall": 0.6730769230769231, "f1-score": 0.5833333333333334, "support": 52}, "2": {"precision": 0.5079365079365079, "recall": 0.64, "f1-score": 0.5663716814159292, "support": 50}, "3": {"precision": 0.6111111111111112, "recall": 0.3793103448275862, "f1-score": 0.46808510638297873, "support": 58}, "micro avg": {"precision": 0.551219512195122, "recall": 0.551219512195122, "f1-score": 0.551219512195122, "support": 205}, "macro avg": {"precision": 0.5663331121922452, "recall": 0.5564301503094607, "f1-score": 0.5490258435360724, "support": 205}, "weighted avg": {"precision": 0.5659855041717158, "recall": 0.551219512195122, "f1-score": 0.5454875607799256, "support": 205}, "loss": 1.1438674926757812, "Acc": 0.551219512195122}
{"0": {"precision": 0.627906976744186, "recall": 0.6, "f1-score": 0.6136363636363636, "support": 45}, "1": {"precision": 0.5555555555555556, "recall": 0.6730769230769231, "f1-score": 0.6086956521739131, "support": 52}, "2": {"precision": 0.5573770491803278, "recall": 0.68, "f1-score": 0.6126126126126127, "support": 50}, "3": {"precision": 0.5789473684210527, "recall": 0.3793103448275862, "f1-score": 0.45833333333333337, "support": 58}, "micro avg": {"precision": 0.5756097560975609, "recall": 0.5756097560975609, "f1-score": 0.5756097560975609, "support": 205}, "macro avg": {"precision": 0.5799467374752805, "recall": 0.5830968169761274, "f1-score": 0.5733194904390557, "support": 205}, "weighted avg": {"precision": 0.5785000130234864, "recall": 0.5756097560975609, "f1-score": 0.5681940206860674, "support": 205}, "loss": 1.160343050956726, "Acc": 0.5756097560975609}
