{"0": {"precision": 0.03125, "recall": 0.022222222222222223, "f1-score": 0.025974025974025972, "support": 45}, "1": {"precision": 0.06060606060606061, "recall": 0.038461538461538464, "f1-score": 0.047058823529411764, "support": 52}, "2": {"precision": 0.6052631578947368, "recall": 0.92, "f1-score": 0.7301587301587301, "support": 50}, "3": {"precision": 0.0, "recall": 0.0, "f1-score": 0.0, "support": 58}, "micro avg": {"precision": 0.23902439024390243, "recall": 0.23902439024390243, "f1-score": 0.23902439024390243, "support": 205}, "macro avg": {"precision": 0.17427980462519937, "recall": 0.24517094017094018, "f1-score": 0.20079789491554195, "support": 205}, "weighted avg": {"precision": 0.16985816120122924, "recall": 0.23902439024390243, "f1-score": 0.19572598292827847, "support": 205}, "loss": 1.5838295221328735, "Acc": 0.23902439024390243}
{"0": {"precision": 0.030303030303030304, "recall": 0.022222222222222223, "f1-score": 0.02564102564102564, "support": 45}, "1": {"precision": 0.06451612903225806, "recall": 0.038461538461538464, "f1-score": 0.04819277108433735, "support": 52}, "2": {"precision": 0.6052631578947368, "recall": 0.92, "f1-score": 0.7301587301587301, "support": 50}, "3": {"precision": 0.0, "recall": 0.0, "f1-score": 0.0, "support": 58}, "micro avg": {"precision": 0.23902439024390243, "recall": 0.23902439024390243, "f1-score": 0.23902439024390243, "support": 205}, "macro avg": {"precision": 0.1750205793075063, "recall": 0.24517094017094018, "f1-score": 0.20099813172102327, "support": 205}, "weighted avg": {"precision": 0.17064211203927135, "recall": 0.23902439024390243, "f1-score": 0.19594052077155222, "support": 205}, "loss": 1.5828781127929688, "Acc": 0.23902439024390243}
{"0": {"precision": 0.030303030303030304, "recall": 0.022222222222222223, "f1-score": 0.02564102564102564, "support": 45}, "1": {"precision": 0.06451612903225806, "recall": 0.038461538461538464, "f1-score": 0.04819277108433735, "support": 52}, "2": {"precision": 0.6052631578947368, "recall": 0.92, "f1-score": 0.7301587301587301, "support": 50}, "3": {"precision": 0.0, "recall": 0.0, "f1-score": 0.0, "support": 58}, "micro avg": {"precision": 0.23902439024390243, "recall": 0.23902439024390243, "f1-score": 0.23902439024390243, "support": 205}, "macro avg": {"precision": 0.1750205793075063, "recall": 0.24517094017094018, "f1-score": 0.20099813172102327, "support": 205}, "weighted avg": {"precision": 0.17064211203927135, "recall": 0.23902439024390243, "f1-score": 0.19594052077155222, "support": 205}, "loss": 1.5820934772491455, "Acc": 0.23902439024390243}
{"0": {"precision": 0.030303030303030304, "recall": 0.022222222222222223, "f1-score": 0.02564102564102564, "support": 45}, "1": {"precision": 0.06666666666666667, "recall": 0.038461538461538464, "f1-score": 0.04878048780487805, "support": 52}, "2": {"precision": 0.6052631578947368, "recall": 0.92, "f1-score": 0.7301587301587301, "support": 50}, "3": {"precision": 0.0, "recall": 0.0, "f1-score": 0.0, "support": 58}, "micro avg": {"precision": 0.23902439024390243, "recall": 0.23902439024390243, "f1-score": 0.23902439024390243, "support": 205}, "macro avg": {"precision": 0.17555821371610844, "recall": 0.24517094017094018, "f1-score": 0.20114506090115847, "support": 205}, "weighted avg": {"precision": 0.17118761426848716, "recall": 0.23902439024390243, "f1-score": 0.19608960013481133, "support": 205}, "loss": 1.5815943479537964, "Acc": 0.23902439024390243}
{"0": {"precision": 0.030303030303030304, "recall": 0.022222222222222223, "f1-score": 0.02564102564102564, "support": 45}, "1": {"precision": 0.06896551724137931, "recall": 0.038461538461538464, "f1-score": 0.04938271604938272, "support": 52}, "2": {"precision": 0.6052631578947368, "recall": 0.92, "f1-score": 0.7301587301587301, "support": 50}, "3": {"precision": 0.0, "recall": 0.0, "f1-score": 0.0, "support": 58}, "micro avg": {"precision": 0.23902439024390243, "recall": 0.23902439024390243, "f1-score": 0.23902439024390243, "support": 205}, "macro avg": {"precision": 0.1761329263597866, "recall": 0.24517094017094018, "f1-score": 0.20129561796228462, "support": 205}, "weighted avg": {"precision": 0.17177073734109724, "recall": 0.23902439024390243, "f1-score": 0.19624236047000276, "support": 205}, "loss": 1.5808875560760498, "Acc": 0.23902439024390243}
{"0": {"precision": 0.0, "recall": 0.0, "f1-score": 0.0, "support": 45}, "1": {"precision": 0.07142857142857142, "recall": 0.019230769230769232, "f1-score": 0.030303030303030307, "support": 52}, "2": {"precision": 0.36507936507936506, "recall": 0.92, "f1-score": 0.5227272727272727, "support": 50}, "3": {"precision": 0.09433962264150944, "recall": 0.08620689655172414, "f1-score": 0.0900900900900901, "support": 58}, "micro avg": {"precision": 0.25365853658536586, "recall": 0.25365853658536586, "f1-score": 0.25365853658536586, "support": 205}, "macro avg": {"precision": 0.13271188978736148, "recall": 0.2563594164456234, "f1-score": 0.16078009828009826, "support": 205}, "weighted avg": {"precision": 0.13385342478761716, "recall": 0.25365853658536586, "f1-score": 0.1606699826212021, "support": 205}, "loss": 1.3762388229370117, "Acc": 0.25365853658536586}
{"0": {"precision": 0.0, "recall": 0.0, "f1-score": 0.0, "support": 45}, "1": {"precision": 0.07142857142857142, "recall": 0.019230769230769232, "f1-score": 0.030303030303030307, "support": 52}, "2": {"precision": 0.36507936507936506, "recall": 0.92, "f1-score": 0.5227272727272727, "support": 50}, "3": {"precision": 0.09433962264150944, "recall": 0.08620689655172414, "f1-score": 0.0900900900900901, "support": 58}, "micro avg": {"precision": 0.25365853658536586, "recall": 0.25365853658536586, "f1-score": 0.25365853658536586, "support": 205}, "macro avg": {"precision": 0.13271188978736148, "recall": 0.2563594164456234, "f1-score": 0.16078009828009826, "support": 205}, "weighted avg": {"precision": 0.13385342478761716, "recall": 0.25365853658536586, "f1-score": 0.1606699826212021, "support": 205}, "loss": 1.3754041194915771, "Acc": 0.25365853658536586}
{"0": {"precision": 0.0, "recall": 0.0, "f1-score": 0.0, "support": 45}, "1": {"precision": 0.07692307692307693, "recall": 0.019230769230769232, "f1-score": 0.03076923076923077, "support": 52}, "2": {"precision": 0.36507936507936506, "recall": 0.92, "f1-score": 0.5227272727272727, "support": 50}, "3": {"precision": 0.09433962264150944, "recall": 0.08620689655172414, "f1-score": 0.0900900900900901, "support": 58}, "micro avg": {"precision": 0.25365853658536586, "recall": 0.25365853658536586, "f1-score": 0.25365853658536586, "support": 205}, "macro avg": {"precision": 0.13408551616098785, "recall": 0.2563594164456234, "f1-score": 0.16089664839664838, "support": 205}, "weighted avg": {"precision": 0.13524715301061366, "recall": 0.25365853658536586, "f1-score": 0.16078823834921396, "support": 205}, "loss": 1.3747713565826416, "Acc": 0.25365853658536586}
{"0": {"precision": 0.0, "recall": 0.0, "f1-score": 0.0, "support": 45}, "1": {"precision": 0.08333333333333333, "recall": 0.019230769230769232, "f1-score": 0.03125, "support": 52}, "2": {"precision": 0.36507936507936506, "recall": 0.92, "f1-score": 0.5227272727272727, "support": 50}, "3": {"precision": 0.09433962264150944, "recall": 0.08620689655172414, "f1-score": 0.0900900900900901, "support": 58}, "micro avg": {"precision": 0.25365853658536586, "recall": 0.25365853658536586, "f1-score": 0.25365853658536586, "support": 205}, "macro avg": {"precision": 0.13568808026355195, "recall": 0.2563594164456234, "f1-score": 0.1610168407043407, "support": 205}, "weighted avg": {"precision": 0.13687316927077625, "recall": 0.25365853658536586, "f1-score": 0.16091018956872616, "support": 205}, "loss": 1.3741347789764404, "Acc": 0.25365853658536586}
{"0": {"precision": 0.0, "recall": 0.0, "f1-score": 0.0, "support": 45}, "1": {"precision": 0.125, "recall": 0.019230769230769232, "f1-score": 0.03333333333333334, "support": 52}, "2": {"precision": 0.36220472440944884, "recall": 0.92,