{"0": {"precision": 0.6829268292682927, "recall": 0.6222222222222222, "f1-score": 0.6511627906976744, "support": 45}, "1": {"precision": 0.4069767441860465, "recall": 0.6730769230769231, "f1-score": 0.5072463768115941, "support": 52}, "2": {"precision": 0.5217391304347826, "recall": 0.48, "f1-score": 0.4999999999999999, "support": 50}, "3": {"precision": 0.6875, "recall": 0.3793103448275862, "f1-score": 0.4888888888888889, "support": 58}, "micro avg": {"precision": 0.5317073170731708, "recall": 0.5317073170731708, "f1-score": 0.5317073170731708, "support": 205}, "macro avg": {"precision": 0.5747856759722805, "recall": 0.5386523725316829, "f1-score": 0.5368245140995394, "support": 205}, "weighted avg": {"precision": 0.5749095343243255, "recall": 0.5317073170731708, "f1-score": 0.5318765499080673, "support": 205}, "loss": 1.1245837211608887, "Acc": 0.5317073170731708}
{"0": {"precision": 0.7619047619047619, "recall": 0.7111111111111111, "f1-score": 0.735632183908046, "support": 45}, "1": {"precision": 0.42105263157894735, "recall": 0.6153846153846154, "f1-score": 0.5, "support": 52}, "2": {"precision": 0.6304347826086957, "recall": 0.58, "f1-score": 0.6041666666666666, "support": 50}, "3": {"precision": 0.6829268292682927, "recall": 0.4827586206896552, "f1-score": 0.5656565656565657, "support": 58}, "micro avg": {"precision": 0.5902439024390244, "recall": 0.5902439024390244, "f1-score": 0.5902439024390244, "support": 205}, "macro avg": {"precision": 0.6240797513401745, "recall": 0.5973135867963455, "f1-score": 0.6013638540578196, "support": 205}, "weighted avg": {"precision": 0.6210338846625137, "recall": 0.5902439024390244, "f1-score": 0.5957066459379328, "support": 205}, "loss": 1.025648593902588, "Acc": 0.5902439024390244}
{"0": {"precision": 0.7380952380952381, "recall": 0.6888888888888889, "f1-score": 0.7126436781609196, "support": 45}, "1": {"precision": 0.4666666666666667, "recall": 0.5384615384615384, "f1-score": 0.5, "support": 52}, "2": {"precision": 0.6071428571428571, "recall": 0.68, "f1-score": 0.6415094339622641, "support": 50}, "3": {"precision": 0.6808510638297872, "recall": 0.5517241379310345, "f1-score": 0.6095238095238096, "support": 58}, "micro avg": {"precision": 0.6097560975609756, "recall": 0.6097560975609756, "f1-score": 0.6097560975609756, "support": 205}, "macro avg": {"precision": 0.6231889564336374, "recall": 0.6147686413203655, "f1-score": 0.6159192304117483, "support": 205}, "weighted avg": {"precision": 0.6211095460498678, "recall": 0.6097560975609756, "f1-score": 0.6121796008182222, "support": 205}, "loss": 0.9568662047386169, "Acc": 0.6097560975609756}
{"0": {"precision": 0.7333333333333333, "recall": 0.7333333333333333, "f1-score": 0.7333333333333333, "support": 45}, "1": {"precision": 0.54, "recall": 0.5192307692307693, "f1-score": 0.5294117647058824, "support": 52}, "2": {"precision": 0.625, "recall": 0.7, "f1-score": 0.6603773584905661, "support": 50}, "3": {"precision": 0.6481481481481481, "recall": 0.603448275862069, "f1-score": 0.625, "support": 58}, "micro avg": {"precision": 0.6341463414634146, "recall": 0.6341463414634146, "f1-score": 0.6341463414634146, "support": 205}, "macro avg": {"precision": 0.6366203703703703, "recall": 0.6390030946065428, "f1-score": 0.6370306141324454, "support": 205}, "weighted avg": {"precision": 0.6337687443541102, "recall": 0.6341463414634146, "f1-score": 0.6331623399474838, "support": 205}, "loss": 0.9353741407394409, "Acc": 0.6341463414634146}
{"0": {"precision": 0.6938775510204082, "recall": 0.7555555555555555, "f1-score": 0.723404255319149, "support": 45}, "1": {"precision": 0.5384615384615384, "recall": 0.5384615384615384, "f1-score": 0.5384615384615384, "support": 52}, "2": {"precision": 0.6363636363636364, "recall": 0.7, "f1-score": 0.6666666666666666, "support": 50}, "3": {"precision": 0.6530612244897959, "recall": 0.5517241379310345, "f1-score": 0.5981308411214952, "support": 58}, "micro avg": {"precision": 0.6292682926829268, "recall": 0.6292682926829268, "f1-score": 0.6292682926829268, "support": 205}, "macro avg": {"precision": 0.6304409875838447, "recall": 0.6364353079870321, "f1-score": 0.6316658253922123, "support": 205}, "weighted avg": {"precision": 0.6288791348024797, "recall": 0.6292682926829268, "f1-score": 0.6272103102816671, "support": 205}, "loss": 0.9530377388000488, "Acc": 0.6292682926829268}
