{"0": {"precision": 0.44642857142857145, "recall": 0.5555555555555556, "f1-score": 0.4950495049504951, "support": 45}, "1": {"precision": 0.38461538461538464, "recall": 0.28846153846153844, "f1-score": 0.32967032967032966, "support": 52}, "2": {"precision": 0.40789473684210525, "recall": 0.62, "f1-score": 0.49206349206349215, "support": 50}, "3": {"precision": 0.6176470588235294, "recall": 0.3620689655172414, "f1-score": 0.4565217391304348, "support": 58}, "micro avg": {"precision": 0.44878048780487806, "recall": 0.44878048780487806, "f1-score": 0.44878048780487806, "support": 205}, "macro avg": {"precision": 0.4641464379273977, "recall": 0.45652151488358383, "f1-score": 0.44332626645368794, "support": 205}, "weighted avg": {"precision": 0.4697929364300278, "recall": 0.44878048780487806, "f1-score": 0.44147083091887435, "support": 205}, "loss": 1.296584129333496, "Acc": 0.44878048780487806}
{"0": {"precision": 0.49019607843137253, "recall": 0.5555555555555556, "f1-score": 0.5208333333333333, "support": 45}, "1": {"precision": 0.5, "recall": 0.36538461538461536, "f1-score": 0.42222222222222217, "support": 52}, "2": {"precision": 0.49206349206349204, "recall": 0.62, "f1-score": 0.5486725663716814, "support": 50}, "3": {"precision": 0.5283018867924528, "recall": 0.4827586206896552, "f1-score": 0.5045045045045045, "support": 58}, "micro avg": {"precision": 0.5024390243902439, "recall": 0.5024390243902439, "f1-score": 0.5024390243902439, "support": 205}, "macro avg": {"precision": 0.5026403643218293, "recall": 0.5059246979074565, "f1-score": 0.49905815660793534, "support": 205}, "weighted avg": {"precision": 0.5039195491051153, "recall": 0.5024390243902439, "f1-score": 0.49798997627024816, "support": 205}, "loss": 1.2013475894927979, "Acc": 0.5024390243902439}
{"0": {"precision": 0.5945945945945946, "recall": 0.4888888888888889, "f1-score": 0.5365853658536586, "support": 45}, "1": {"precision": 0.45098039215686275, "recall": 0.4423076923076923, "f1-score": 0.44660194174757284, "support": 52}, "2": {"precision": 0.4925373134328358, "recall": 0.66, "f1-score": 0.5641025641025641, "support": 50}, "3": {"precision": 0.56, "recall": 0.4827586206896552, "f1-score": 0.5185185185185185, "support": 58}, "micro avg": {"precision": 0.5170731707317073, "recall": 0.5170731707317073, "f1-score": 0.5170731707317073, "support": 205}, "macro avg": {"precision": 0.5245280750460733, "recall": 0.5184888004715591, "f1-score": 0.5164520975555785, "support": 205}, "weighted avg": {"precision": 0.5234858674173435, "recall": 0.5170731707317073, "f1-score": 0.5153602181145888, "support": 205}, "loss": 1.15623140335083, "Acc": 0.5170731707317073}
{"0": {"precision": 0.6, "recall": 0.4666666666666667, "f1-score": 0.5249999999999999, "support": 45}, "1": {"precision": 0.5185185185185185, "recall": 0.5384615384615384, "f1-score": 0.5283018867924528, "support": 52}, "2": {"precision": 0.5538461538461539, "recall": 0.72, "f1-score": 0.6260869565217391, "support": 50}, "3": {"precision": 0.5490196078431373, "recall": 0.4827586206896552, "f1-score": 0.5137614678899083, "support": 58}, "micro avg": {"precision": 0.551219512195122, "recall": 0.551219512195122, "f1-score": 0.551219512195122, "support": 205}, "macro avg": {"precision": 0.5553460700519524, "recall": 0.551971706454465, "f1-score": 0.548287577801025, "support": 205}, "weighted avg": {"precision": 0.5536507702935249, "recall": 0.551219512195122, "f1-score": 0.5473132247654107, "support": 205}, "loss": 1.1312506198883057, "Acc": 0.551219512195122}
{"0": {"precision": 0.6585365853658537, "recall": 0.6, "f1-score": 0.627906976744186, "support": 45}, "1": {"precision": 0.5, "recall": 0.5769230769230769, "f1-score": 0.5357142857142857, "support": 52}, "2": {"precision": 0.5967741935483871, "recall": 0.74, "f1-score": 0.6607142857142857, "support": 50}, "3": {"precision": 0.5952380952380952, "recall": 0.43103448275862066, "f1-score": 0.5, "support": 58}, "micro avg": {"precision": 0.5804878048780487, "recall": 0.5804878048780487, "f1-score": 0.5804878048780487, "support": 205}, "macro avg": {"precision": 0.587637218538084, "recall": 0.5869893899204244, "f1-score": 0.5810838870431894, "support": 205}, "weighted avg": {"precision": 0.5853495880131332, "recall": 0.5804878048780487, "f1-score": 0.576334980957783, "support": 205}, "loss": 1.1207002401351929, "Acc": 0.5804878048780487}
