{"0": {"precision": 0.6341463414634146, "recall": 0.5777777777777777, "f1-score": 0.6046511627906976, "support": 45}, "1": {"precision": 0.4852941176470588, "recall": 0.6346153846153846, "f1-score": 0.5499999999999999, "support": 52}, "2": {"precision": 0.5102040816326531, "recall": 0.5, "f1-score": 0.5050505050505051, "support": 50}, "3": {"precision": 0.7659574468085106, "recall": 0.6206896551724138, "f1-score": 0.6857142857142856, "support": 58}, "micro avg": {"precision": 0.5853658536585366, "recall": 0.5853658536585366, "f1-score": 0.5853658536585366, "support": 205}, "macro avg": {"precision": 0.5989004968879093, "recall": 0.5832707043913941, "f1-score": 0.5863539883888721, "support": 205}, "weighted avg": {"precision": 0.6034517828293999, "recall": 0.5853658536585366, "f1-score": 0.5894305178026108, "support": 205}, "loss": 1.1589219570159912, "Acc": 0.5853658536585366}
{"0": {"precision": 0.6829268292682927, "recall": 0.6222222222222222, "f1-score": 0.6511627906976744, "support": 45}, "1": {"precision": 0.5362318840579711, "recall": 0.7115384615384616, "f1-score": 0.6115702479338844, "support": 52}, "2": {"precision": 0.5686274509803921, "recall": 0.58, "f1-score": 0.5742574257425743, "support": 50}, "3": {"precision": 0.7272727272727273, "recall": 0.5517241379310345, "f1-score": 0.6274509803921569, "support": 58}, "micro avg": {"precision": 0.6146341463414634, "recall": 0.6146341463414634, "f1-score": 0.6146341463414634, "support": 205}, "macro avg": {"precision": 0.6287647228948459, "recall": 0.6163712054229296, "f1-score": 0.6161103611915725, "support": 205}, "weighted avg": {"precision": 0.6303851513118315, "recall": 0.6146341463414634, "f1-score": 0.6156536908479568, "support": 205}, "loss": 1.027291178703308, "Acc": 0.6146341463414634}
{"0": {"precision": 0.6595744680851063, "recall": 0.6888888888888889, "f1-score": 0.6739130434782609, "support": 45}, "1": {"precision": 0.5753424657534246, "recall": 0.8076923076923077, "f1-score": 0.672, "support": 52}, "2": {"precision": 0.6595744680851063, "recall": 0.62, "f1-score": 0.6391752577319586, "support": 50}, "3": {"precision": 0.8157894736842105, "recall": 0.5344827586206896, "f1-score": 0.6458333333333334, "support": 58}, "micro avg": {"precision": 0.6585365853658537, "recall": 0.6585365853658537, "f1-score": 0.6585365853658537, "support": 205}, "macro avg": {"precision": 0.677570218901962, "recall": 0.6627659888004716, "f1-score": 0.6577304086358883, "support": 205}, "weighted avg": {"precision": 0.68240571785828, "recall": 0.6585365853658537, "f1-score": 0.6570106496412341, "support": 205}, "loss": 0.9688266515731812, "Acc": 0.6585365853658537}
{"0": {"precision": 0.6938775510204082, "recall": 0.7555555555555555, "f1-score": 0.723404255319149, "support": 45}, "1": {"precision": 0.5405405405405406, "recall": 0.7692307692307693, "f1-score": 0.6349206349206349, "support": 52}, "2": {"precision": 0.6521739130434783, "recall": 0.6, "f1-score": 0.6250000000000001, "support": 50}, "3": {"precision": 0.7777777777777778, "recall": 0.4827586206896552, "f1-score": 0.5957446808510638, "support": 58}, "micro avg": {"precision": 0.6439024390243903, "recall": 0.6439024390243903, "f1-score": 0.6439024390243903, "support": 205}, "macro avg": {"precision": 0.6660924455955513, "recall": 0.651886236368995, "f1-score": 0.6447673927727119, "support": 205}, "weighted avg": {"precision": 0.6685483154502999, "recall": 0.6439024390243903, "f1-score": 0.6408402731443726, "support": 205}, "loss": 0.9543894529342651, "Acc": 0.6439024390243903}
{"0": {"precision": 0.6666666666666666, "recall": 0.7111111111111111, "f1-score": 0.6881720430107527, "support": 45}, "1": {"precision": 0.5714285714285714, "recall": 0.6923076923076923, "f1-score": 0.6260869565217392, "support": 52}, "2": {"precision": 0.5961538461538461, "recall": 0.62, "f1-score": 0.607843137254902, "support": 50}, "3": {"precision": 0.6904761904761905, "recall": 0.5, "f1-score": 0.58, "support": 58}, "micro avg": {"precision": 0.624390243902439, "recall": 0.624390243902439, "f1-score": 0.624390243902439, "support": 205}, "macro avg": {"precision": 0.6311813186813187, "recall": 0.6308547008547009, "f1-score": 0.6255255341968485, "support": 205}, "weighted avg": {"precision": 0.6320468149736441, "recall": 0.624390243902439, "f1-score": 0.6222264416456557, "support": 205}, "loss": 0.9640320539474487, "Acc": 0.624390243902439}
