{"0": {"precision": 0.7818181818181819, "recall": 0.9555555555555556, "f1-score": 0.86, "support": 45}, "1": {"precision": 1.0, "recall": 0.8076923076923077, "f1-score": 0.8936170212765957, "support": 52}, "2": {"precision": 0.7777777777777778, "recall": 0.42, "f1-score": 0.5454545454545454, "support": 50}, "3": {"precision": 0.5555555555555556, "recall": 0.7758620689655172, "f1-score": 0.6474820143884893, "support": 58}, "micro avg": {"precision": 0.7365853658536585, "recall": 0.7365853658536585, "f1-score": 0.7365853658536584, "support": 205}, "macro avg": {"precision": 0.7787878787878788, "recall": 0.7397774830533451, "f1-score": 0.7366383952799076, "support": 205}, "weighted avg": {"precision": 0.7721606306972161, "recall": 0.7365853658536585, "f1-score": 0.7316818010421592, "support": 205}, "loss": 1.1335262060165405, "Acc": 0.7365853658536585}
{"0": {"precision": 0.7678571428571429, "recall": 0.9555555555555556, "f1-score": 0.8514851485148515, "support": 45}, "1": {"precision": 1.0, "recall": 0.8269230769230769, "f1-score": 0.9052631578947368, "support": 52}, "2": {"precision": 0.7777777777777778, "recall": 0.42, "f1-score": 0.5454545454545454, "support": 50}, "3": {"precision": 0.5569620253164557, "recall": 0.7586206896551724, "f1-score": 0.6423357664233575, "support": 58}, "micro avg": {"precision": 0.7365853658536585, "recall": 0.7365853658536585, "f1-score": 0.7365853658536584, "support": 205}, "macro avg": {"precision": 0.775649236487844, "recall": 0.7402748305334512, "f1-score": 0.7361346545718728, "support": 205}, "weighted avg": {"precision": 0.7694939404186085, "recall": 0.7365853658536585, "f1-score": 0.7313108176535446, "support": 205}, "loss": 1.1323940753936768, "Acc": 0.7365853658536585}
{"0": {"precision": 0.7678571428571429, "recall": 0.9555555555555556, "f1-score": 0.8514851485148515, "support": 45}, "1": {"precision": 1.0, "recall": 0.8269230769230769, "f1-score": 0.9052631578947368, "support": 52}, "2": {"precision": 0.7777777777777778, "recall": 0.42, "f1-score": 0.5454545454545454, "support": 50}, "3": {"precision": 0.5569620253164557, "recall": 0.7586206896551724, "f1-score": 0.6423357664233575, "support": 58}, "micro avg": {"precision": 0.7365853658536585, "recall": 0.7365853658536585, "f1-score": 0.7365853658536584, "support": 205}, "macro avg": {"precision": 0.775649236487844, "recall": 0.7402748305334512, "f1-score": 0.7361346545718728, "support": 205}, "weighted avg": {"precision": 0.7694939404186085, "recall": 0.7365853658536585, "f1-score": 0.7313108176535446, "support": 205}, "loss": 1.1309361457824707, "Acc": 0.7365853658536585}
{"0": {"precision": 0.7678571428571429, "recall": 0.9555555555555556, "f1-score": 0.8514851485148515, "support": 45}, "1": {"precision": 1.0, "recall": 0.8269230769230769, "f1-score": 0.9052631578947368, "support": 52}, "2": {"precision": 0.7777777777777778, "recall": 0.42, "f1-score": 0.5454545454545454, "support": 50}, "3": {"precision": 0.5569620253164557, "recall": 0.7586206896551724, "f1-score": 0.6423357664233575, "support": 58}, "micro avg": {"precision": 0.7365853658536585, "recall": 0.7365853658536585, "f1-score": 0.7365853658536584, "support": 205}, "macro avg": {"precision": 0.775649236487844, "recall": 0.7402748305334512, "f1-score": 0.7361346545718728, "support": 205}, "weighted avg": {"precision": 0.7694939404186085, "recall": 0.7365853658536585, "f1-score": 0.7313108176535446, "support": 205}, "loss": 1.1301605701446533, "Acc": 0.7365853658536585}
{"0": {"precision": 0.7818181818181819, "recall": 0.9555555555555556, "f1-score": 0.86, "support": 45}, "1": {"precision": 1.0, "recall": 0.8269230769230769, "f1-score": 0.9052631578947368, "support": 52}, "2": {"precision": 0.8148148148148148, "recall": 0.44, "f1-score": 0.5714285714285714, "support": 50}, "3": {"precision": 0.575, "recall": 0.7931034482758621, "f1-score": 0.6666666666666666, "support": 58}, "micro avg": {"precision": 0.751219512195122, "recall": 0.751219512195122, "f1-score": 0.751219512195122, "support": 205}, "macro avg": {"precision": 0.7929082491582491, "recall": 0.7538955201886236, "f1-score": 0.7508395989974938, "support": 205}, "weighted avg": {"precision": 0.7866954093783362, "recall": 0.751219512195122, "f1-score": 0.7463989241396173, "support": 205}, "loss": 1.1293938159942627, "Acc": 0.751219512195122}
