{"0": {"precision": 0.9259259259259259, "recall": 0.5555555555555556, "f1-score": 0.6944444444444444, "support": 45}, "1": {"precision": 0.5454545454545454, "recall": 0.5769230769230769, "f1-score": 0.5607476635514018, "support": 52}, "2": {"precision": 0.5066666666666667, "recall": 0.76, "f1-score": 0.6080000000000001, "support": 50}, "3": {"precision": 0.7708333333333334, "recall": 0.6379310344827587, "f1-score": 0.69811320754717, "support": 58}, "micro avg": {"precision": 0.6341463414634146, "recall": 0.6341463414634146, "f1-score": 0.6341463414634146, "support": 205}, "macro avg": {"precision": 0.6872201178451179, "recall": 0.6326024167403478, "f1-score": 0.640326328885754, "support": 205}, "weighted avg": {"precision": 0.6832779009608279, "recall": 0.6341463414634146, "f1-score": 0.6404850953288233, "support": 205}, "loss": 1.0612162351608276, "Acc": 0.6341463414634146}
{"0": {"precision": 0.6730769230769231, "recall": 0.7777777777777778, "f1-score": 0.7216494845360825, "support": 45}, "1": {"precision": 0.54, "recall": 0.5192307692307693, "f1-score": 0.5294117647058824, "support": 52}, "2": {"precision": 0.6379310344827587, "recall": 0.74, "f1-score": 0.6851851851851852, "support": 50}, "3": {"precision": 0.7333333333333333, "recall": 0.5689655172413793, "f1-score": 0.6407766990291263, "support": 58}, "micro avg": {"precision": 0.6439024390243903, "recall": 0.6439024390243903, "f1-score": 0.6439024390243903, "support": 205}, "macro avg": {"precision": 0.6460853227232538, "recall": 0.6514935160624816, "f1-score": 0.6442557833640691, "support": 205}, "weighted avg": {"precision": 0.6477968126630869, "recall": 0.6439024390243903, "f1-score": 0.6411119335208691, "support": 205}, "loss": 0.9368067383766174, "Acc": 0.6439024390243903}
{"0": {"precision": 0.75, "recall": 0.8, "f1-score": 0.7741935483870969, "support": 45}, "1": {"precision": 0.5818181818181818, "recall": 0.6153846153846154, "f1-score": 0.5981308411214953, "support": 52}, "2": {"precision": 0.6938775510204082, "recall": 0.68, "f1-score": 0.686868686868687, "support": 50}, "3": {"precision": 0.7169811320754716, "recall": 0.6551724137931034, "f1-score": 0.6846846846846846, "support": 58}, "micro avg": {"precision": 0.6829268292682927, "recall": 0.6829268292682927, "f1-score": 0.6829268292682927, "support": 205}, "macro avg": {"precision": 0.6856692162285154, "recall": 0.6876392572944297, "f1-score": 0.685969440265491, "support": 205}, "weighted avg": {"precision": 0.6843089203216741, "recall": 0.6829268292682927, "f1-score": 0.6829105340043081, "support": 205}, "loss": 0.8445467948913574, "Acc": 0.6829268292682927}
{"0": {"precision": 0.6792452830188679, "recall": 0.8, "f1-score": 0.7346938775510203, "support": 45}, "1": {"precision": 0.5535714285714286, "recall": 0.5961538461538461, "f1-score": 0.5740740740740741, "support": 52}, "2": {"precision": 0.725, "recall": 0.58, "f1-score": 0.6444444444444445, "support": 50}, "3": {"precision": 0.6428571428571429, "recall": 0.6206896551724138, "f1-score": 0.6315789473684211, "support": 58}, "micro avg": {"precision": 0.6439024390243903, "recall": 0.6439024390243903, "f1-score": 0.6439024390243903, "support": 205}, "macro avg": {"precision": 0.6501684636118599, "recall": 0.649210875331565, "f1-score": 0.64619783585949, "support": 205}, "weighted avg": {"precision": 0.6482315429623299, "recall": 0.6439024390243903, "f1-score": 0.6427652561523826, "support": 205}, "loss": 0.8603706955909729, "Acc": 0.6439024390243903}
{"0": {"precision": 0.7727272727272727, "recall": 0.7555555555555555, "f1-score": 0.7640449438202247, "support": 45}, "1": {"precision": 0.5818181818181818, "recall": 0.6153846153846154, "f1-score": 0.5981308411214953, "support": 52}, "2": {"precision": 0.6875, "recall": 0.66, "f1-score": 0.673469387755102, "support": 50}, "3": {"precision": 0.6206896551724138, "recall": 0.6206896551724138, "f1-score": 0.6206896551724138, "support": 58}, "micro avg": {"precision": 0.6585365853658537, "recall": 0.6585365853658537, "f1-score": 0.6585365853658537, "support": 205}, "macro avg": {"precision": 0.665683777429467, "recall": 0.6629074565281462, "f1-score": 0.6640837069673089, "support": 205}, "weighted avg": {"precision": 0.6604988913525499, "recall": 0.6585365853658537, "f1-score": 0.6593087590145511, "support": 205}, "loss": 0.8420128226280212, "Acc": 0.6585365853658537}
