{"0": {"precision": 0.6875, "recall": 0.7333333333333333, "f1-score": 0.7096774193548386, "support": 45}, "1": {"precision": 0.41935483870967744, "recall": 0.25, "f1-score": 0.3132530120481927, "support": 52}, "2": {"precision": 0.4626865671641791, "recall": 0.62, "f1-score": 0.52991452991453, "support": 50}, "3": {"precision": 0.711864406779661, "recall": 0.7241379310344828, "f1-score": 0.717948717948718, "support": 58}, "micro avg": {"precision": 0.5804878048780487, "recall": 0.5804878048780487, "f1-score": 0.5804878048780487, "support": 205}, "macro avg": {"precision": 0.5703514531633794, "recall": 0.581867816091954, "f1-score": 0.5676984198165699, "support": 205}, "weighted avg": {"precision": 0.5715434905577197, "recall": 0.5804878048780487, "f1-score": 0.5676165494352483, "support": 205}, "loss": 1.1205857992172241, "Acc": 0.5804878048780487}
{"0": {"precision": 0.5263157894736842, "recall": 0.8888888888888888, "f1-score": 0.6611570247933884, "support": 45}, "1": {"precision": 0.5, "recall": 0.4807692307692308, "f1-score": 0.49019607843137253, "support": 52}, "2": {"precision": 0.6764705882352942, "recall": 0.46, "f1-score": 0.5476190476190477, "support": 50}, "3": {"precision": 0.6888888888888889, "recall": 0.5344827586206896, "f1-score": 0.6019417475728155, "support": 58}, "micro avg": {"precision": 0.5804878048780487, "recall": 0.5804878048780487, "f1-score": 0.5804878048780487, "support": 205}, "macro avg": {"precision": 0.5979188166494668, "recall": 0.5910352195697023, "f1-score": 0.575228474604156, "support": 205}, "weighted avg": {"precision": 0.6022599780177369, "recall": 0.5804878048780487, "f1-score": 0.5733455411429734, "support": 205}, "loss": 1.0662946701049805, "Acc": 0.5804878048780487}
{"0": {"precision": 0.6129032258064516, "recall": 0.8444444444444444, "f1-score": 0.7102803738317757, "support": 45}, "1": {"precision": 0.5714285714285714, "recall": 0.5384615384615384, "f1-score": 0.5544554455445544, "support": 52}, "2": {"precision": 0.5681818181818182, "recall": 0.5, "f1-score": 0.5319148936170213, "support": 50}, "3": {"precision": 0.66, "recall": 0.5689655172413793, "f1-score": 0.6111111111111112, "support": 58}, "micro avg": {"precision": 0.6048780487804878, "recall": 0.6048780487804878, "f1-score": 0.6048780487804878, "support": 205}, "macro avg": {"precision": 0.6031284038542104, "recall": 0.6129678750368406, "f1-score": 0.6019404560261157, "support": 205}, "weighted avg": {"precision": 0.604800106266668, "recall": 0.6048780487804878, "f1-score": 0.5991926298343524, "support": 205}, "loss": 0.9604426622390747, "Acc": 0.6048780487804878}
{"0": {"precision": 0.6666666666666666, "recall": 0.8444444444444444, "f1-score": 0.7450980392156862, "support": 45}, "1": {"precision": 0.5370370370370371, "recall": 0.5576923076923077, "f1-score": 0.5471698113207548, "support": 52}, "2": {"precision": 0.6458333333333334, "recall": 0.62, "f1-score": 0.6326530612244898, "support": 50}, "3": {"precision": 0.6739130434782609, "recall": 0.5344827586206896, "f1-score": 0.5961538461538461, "support": 58}, "micro avg": {"precision": 0.6292682926829268, "recall": 0.6292682926829268, "f1-score": 0.6292682926829268, "support": 205}, "macro avg": {"precision": 0.6308625201288245, "recall": 0.6391548776893604, "f1-score": 0.6302686894786943, "support": 205}, "weighted avg": {"precision": 0.6307538981186914, "recall": 0.6292682926829268, "f1-score": 0.6253259419099156, "support": 205}, "loss": 0.944201648235321, "Acc": 0.6292682926829268}
{"0": {"precision": 0.6981132075471698, "recall": 0.8222222222222222, "f1-score": 0.7551020408163266, "support": 45}, "1": {"precision": 0.4027777777777778, "recall": 0.5576923076923077, "f1-score": 0.46774193548387094, "support": 52}, "2": {"precision": 0.5714285714285714, "recall": 0.56, "f1-score": 0.5656565656565656, "support": 50}, "3": {"precision": 0.6774193548387096, "recall": 0.3620689655172414, "f1-score": 0.47191011235955055, "support": 58}, "micro avg": {"precision": 0.5609756097560976, "recall": 0.5609756097560976, "f1-score": 0.5609756097560976, "support": 205}, "macro avg": {"precision": 0.5874347278980572, "recall": 0.5754958738579429, "f1-score": 0.5651026635790783, "support": 205}, "weighted avg": {"precision": 0.5864453167616624, "recall": 0.5609756097560976, "f1-score": 0.5558818891784303, "support": 205}, "loss": 1.0325815677642822, "Acc": 0.5609756097560976}
