{"0": {"precision": 0.5686274509803921, "recall": 0.6444444444444445, "f1-score": 0.6041666666666666, "support": 45}, "1": {"precision": 0.45588235294117646, "recall": 0.5961538461538461, "f1-score": 0.5166666666666666, "support": 52}, "2": {"precision": 0.425531914893617, "recall": 0.4, "f1-score": 0.4123711340206186, "support": 50}, "3": {"precision": 0.6923076923076923, "recall": 0.46551724137931033, "f1-score": 0.5567010309278351, "support": 58}, "micro avg": {"precision": 0.5219512195121951, "recall": 0.5219512195121951, "f1-score": 0.5219512195121951, "support": 205}, "macro avg": {"precision": 0.5355873527807195, "recall": 0.5265288829944003, "f1-score": 0.5224763745704467, "support": 205}, "weighted avg": {"precision": 0.5401198026613943, "recall": 0.5219512195121951, "f1-score": 0.5217628446903025, "support": 205}, "loss": 1.0980366468429565, "Acc": 0.5219512195121951}
{"0": {"precision": 0.7142857142857143, "recall": 0.5555555555555556, "f1-score": 0.6250000000000001, "support": 45}, "1": {"precision": 0.4909090909090909, "recall": 0.5192307692307693, "f1-score": 0.5046728971962617, "support": 52}, "2": {"precision": 0.4444444444444444, "recall": 0.64, "f1-score": 0.5245901639344263, "support": 50}, "3": {"precision": 0.6046511627906976, "recall": 0.4482758620689655, "f1-score": 0.5148514851485148, "support": 58}, "micro avg": {"precision": 0.5365853658536586, "recall": 0.5365853658536586, "f1-score": 0.5365853658536586, "support": 205}, "macro avg": {"precision": 0.5635726031074868, "recall": 0.5407655467138226, "f1-score": 0.5422786365698008, "support": 205}, "weighted avg": {"precision": 0.5607908269961588, "recall": 0.5365853658536586, "f1-score": 0.5388238292172721, "support": 205}, "loss": 1.0460201501846313, "Acc": 0.5365853658536586}
{"0": {"precision": 0.6739130434782609, "recall": 0.6888888888888889, "f1-score": 0.6813186813186812, "support": 45}, "1": {"precision": 0.5079365079365079, "recall": 0.6153846153846154, "f1-score": 0.5565217391304348, "support": 52}, "2": {"precision": 0.5185185185185185, "recall": 0.56, "f1-score": 0.5384615384615384, "support": 50}, "3": {"precision": 0.5952380952380952, "recall": 0.43103448275862066, "f1-score": 0.5, "support": 58}, "micro avg": {"precision": 0.5658536585365853, "recall": 0.5658536585365853, "f1-score": 0.5658536585365853, "support": 205}, "macro avg": {"precision": 0.5739015412928457, "recall": 0.5738269967580313, "f1-score": 0.5690754897276636, "support": 205}, "weighted avg": {"precision": 0.571651321068076, "recall": 0.5658536585365853, "f1-score": 0.5635197464253667, "support": 205}, "loss": 1.04389226436615, "Acc": 0.5658536585365853}
{"0": {"precision": 0.6739130434782609, "recall": 0.6888888888888889, "f1-score": 0.6813186813186812, "support": 45}, "1": {"precision": 0.5131578947368421, "recall": 0.75, "f1-score": 0.6093750000000001, "support": 52}, "2": {"precision": 0.6, "recall": 0.54, "f1-score": 0.5684210526315789, "support": 50}, "3": {"precision": 0.631578947368421, "recall": 0.41379310344827586, "f1-score": 0.5, "support": 58}, "micro avg": {"precision": 0.5902439024390244, "recall": 0.5902439024390244, "f1-score": 0.5902439024390244, "support": 205}, "macro avg": {"precision": 0.604662471395881, "recall": 0.5981704980842912, "f1-score": 0.5897786834875651, "support": 205}, "weighted avg": {"precision": 0.60313110453759, "recall": 0.5902439024390244, "f1-score": 0.5842336258093639, "support": 205}, "loss": 1.1026062965393066, "Acc": 0.5902439024390244}
{"0": {"precision": 0.6530612244897959, "recall": 0.7111111111111111, "f1-score": 0.6808510638297872, "support": 45}, "1": {"precision": 0.4927536231884058, "recall": 0.6538461538461539, "f1-score": 0.5619834710743802, "support": 52}, "2": {"precision": 0.6578947368421053, "recall": 0.5, "f1-score": 0.5681818181818182, "support": 50}, "3": {"precision": 0.5714285714285714, "recall": 0.4827586206896552, "f1-score": 0.5233644859813084, "support": 58}, "micro avg": {"precision": 0.5804878048780487, "recall": 0.5804878048780487, "f1-score": 0.5804878048780487, "support": 205}, "macro avg": {"precision": 0.5937845389872196, "recall": 0.5869289714117301, "f1-score": 0.5835952097668236, "support": 205}, "weighted avg": {"precision": 0.5904806706965869, "recall": 0.5804878048780487, "f1-score": 0.5786618022644634, "support": 205}, "loss": 1.1504299640655518, "Acc": 0.5804878048780487}
