{"0": {"precision": 0.625, "recall": 0.3333333333333333, "f1-score": 0.43478260869565216, "support": 45}, "1": {"precision": 0.5538461538461539, "recall": 0.6923076923076923, "f1-score": 0.6153846153846154, "support": 52}, "2": {"precision": 0.47761194029850745, "recall": 0.64, "f1-score": 0.5470085470085471, "support": 50}, "3": {"precision": 0.6938775510204082, "recall": 0.5862068965517241, "f1-score": 0.6355140186915887, "support": 58}, "micro avg": {"precision": 0.5707317073170731, "recall": 0.5707317073170731, "f1-score": 0.5707317073170731, "support": 205}, "macro avg": {"precision": 0.5875839112912674, "recall": 0.5629619805481875, "f1-score": 0.5581724474451009, "support": 205}, "weighted avg": {"precision": 0.5904902193858977, "recall": 0.5707317073170731, "f1-score": 0.5647583308577748, "support": 205}, "loss": 1.0959899425506592, "Acc": 0.5707317073170731}
{"0": {"precision": 0.8181818181818182, "recall": 0.4, "f1-score": 0.537313432835821, "support": 45}, "1": {"precision": 0.6060606060606061, "recall": 0.7692307692307693, "f1-score": 0.6779661016949152, "support": 52}, "2": {"precision": 0.5217391304347826, "recall": 0.72, "f1-score": 0.6050420168067228, "support": 50}, "3": {"precision": 0.7916666666666666, "recall": 0.6551724137931034, "f1-score": 0.7169811320754716, "support": 58}, "micro avg": {"precision": 0.6439024390243903, "recall": 0.6439024390243903, "f1-score": 0.6439024390243903, "support": 205}, "macro avg": {"precision": 0.6844120553359684, "recall": 0.6361007957559681, "f1-score": 0.6343256708532327, "support": 205}, "weighted avg": {"precision": 0.6845705196182397, "recall": 0.6439024390243903, "f1-score": 0.6403431622754198, "support": 205}, "loss": 0.966023862361908, "Acc": 0.6439024390243903}
{"0": {"precision": 0.72, "recall": 0.4, "f1-score": 0.5142857142857142, "support": 45}, "1": {"precision": 0.56, "recall": 0.8076923076923077, "f1-score": 0.6614173228346457, "support": 52}, "2": {"precision": 0.4927536231884058, "recall": 0.68, "f1-score": 0.5714285714285715, "support": 50}, "3": {"precision": 0.75, "recall": 0.46551724137931033, "f1-score": 0.574468085106383, "support": 58}, "micro avg": {"precision": 0.5902439024390244, "recall": 0.5902439024390244, "f1-score": 0.5902439024390244, "support": 205}, "macro avg": {"precision": 0.6306884057971014, "recall": 0.5883023872679046, "f1-score": 0.5803999234138286, "support": 205}, "weighted avg": {"precision": 0.6324764934605868, "recall": 0.5902439024390244, "f1-score": 0.5825713923797927, "support": 205}, "loss": 0.9845510125160217, "Acc": 0.5902439024390244}
{"0": {"precision": 0.7105263157894737, "recall": 0.6, "f1-score": 0.6506024096385543, "support": 45}, "1": {"precision": 0.65, "recall": 0.75, "f1-score": 0.6964285714285715, "support": 52}, "2": {"precision": 0.5737704918032787, "recall": 0.7, "f1-score": 0.6306306306306306, "support": 50}, "3": {"precision": 0.7391304347826086, "recall": 0.5862068965517241, "f1-score": 0.6538461538461539, "support": 58}, "micro avg": {"precision": 0.6585365853658537, "recall": 0.6585365853658537, "f1-score": 0.6585365853658537, "support": 205}, "macro avg": {"precision": 0.6683568105938402, "recall": 0.659051724137931, "f1-score": 0.6578769413859776, "support": 205}, "weighted avg": {"precision": 0.6699110927711295, "recall": 0.6585365853658537, "f1-score": 0.6582731834274591, "support": 205}, "loss": 0.9040499329566956, "Acc": 0.6585365853658537}
{"0": {"precision": 0.6222222222222222, "recall": 0.6222222222222222, "f1-score": 0.6222222222222222, "support": 45}, "1": {"precision": 0.6129032258064516, "recall": 0.7307692307692307, "f1-score": 0.6666666666666667, "support": 52}, "2": {"precision": 0.5882352941176471, "recall": 0.6, "f1-score": 0.5940594059405941, "support": 50}, "3": {"precision": 0.7446808510638298, "recall": 0.603448275862069, "f1-score": 0.6666666666666665, "support": 58}, "micro avg": {"precision": 0.6390243902439025, "recall": 0.6390243902439025, "f1-score": 0.6390243902439025, "support": 205}, "macro avg": {"precision": 0.6420103983025377, "recall": 0.6391099322133805, "f1-score": 0.6374037403740374, "support": 205}, "weighted avg": {"precision": 0.6462157161439999, "recall": 0.6390243902439025, "f1-score": 0.6392014811237221, "support": 205}, "loss": 0.9440107941627502, "Acc": 0.6390243902439025}
