{"0": {"precision": 0.75, "recall": 0.4666666666666667, "f1-score": 0.5753424657534245, "support": 45}, "1": {"precision": 0.6129032258064516, "recall": 0.7307692307692307, "f1-score": 0.6666666666666667, "support": 52}, "2": {"precision": 0.4594594594594595, "recall": 0.68, "f1-score": 0.5483870967741935, "support": 50}, "3": {"precision": 0.8292682926829268, "recall": 0.5862068965517241, "f1-score": 0.6868686868686867, "support": 58}, "micro avg": {"precision": 0.6195121951219512, "recall": 0.6195121951219512, "f1-score": 0.6195121951219512, "support": 205}, "macro avg": {"precision": 0.6629077444872095, "recall": 0.6159106984969054, "f1-score": 0.6193162290157429, "support": 205}, "weighted avg": {"precision": 0.6667878131244791, "recall": 0.6195121951219512, "f1-score": 0.6234869087934843, "support": 205}, "loss": 0.9899327158927917, "Acc": 0.6195121951219512}
{"0": {"precision": 0.6785714285714286, "recall": 0.4222222222222222, "f1-score": 0.5205479452054794, "support": 45}, "1": {"precision": 0.5432098765432098, "recall": 0.8461538461538461, "f1-score": 0.6616541353383459, "support": 52}, "2": {"precision": 0.5333333333333333, "recall": 0.64, "f1-score": 0.5818181818181818, "support": 50}, "3": {"precision": 0.8333333333333334, "recall": 0.5172413793103449, "f1-score": 0.6382978723404256, "support": 58}, "micro avg": {"precision": 0.6097560975609756, "recall": 0.6097560975609756, "f1-score": 0.6097560975609756, "support": 205}, "macro avg": {"precision": 0.6471119929453263, "recall": 0.6064043619216033, "f1-score": 0.6005795336756081, "support": 205}, "weighted avg": {"precision": 0.6525981847120059, "recall": 0.6097560975609756, "f1-score": 0.6045993085780211, "support": 205}, "loss": 0.9761611819267273, "Acc": 0.6097560975609756}
{"0": {"precision": 0.6176470588235294, "recall": 0.4666666666666667, "f1-score": 0.5316455696202531, "support": 45}, "1": {"precision": 0.5882352941176471, "recall": 0.7692307692307693, "f1-score": 0.6666666666666667, "support": 52}, "2": {"precision": 0.5833333333333334, "recall": 0.7, "f1-score": 0.6363636363636365, "support": 50}, "3": {"precision": 0.6976744186046512, "recall": 0.5172413793103449, "f1-score": 0.594059405940594, "support": 58}, "micro avg": {"precision": 0.6146341463414634, "recall": 0.6146341463414634, "f1-score": 0.6146341463414634, "support": 205}, "macro avg": {"precision": 0.6217225262197903, "recall": 0.6132847038019452, "f1-score": 0.6071838196477876, "support": 205}, "weighted avg": {"precision": 0.6244591994483557, "recall": 0.6146341463414634, "f1-score": 0.6090943642064114, "support": 205}, "loss": 0.9087833762168884, "Acc": 0.6146341463414634}
{"0": {"precision": 0.6388888888888888, "recall": 0.5111111111111111, "f1-score": 0.5679012345679012, "support": 45}, "1": {"precision": 0.6349206349206349, "recall": 0.7692307692307693, "f1-score": 0.6956521739130435, "support": 52}, "2": {"precision": 0.603448275862069, "recall": 0.7, "f1-score": 0.6481481481481481, "support": 50}, "3": {"precision": 0.7083333333333334, "recall": 0.5862068965517241, "f1-score": 0.6415094339622641, "support": 58}, "micro avg": {"precision": 0.6439024390243903, "recall": 0.6439024390243903, "f1-score": 0.6439024390243903, "support": 205}, "macro avg": {"precision": 0.6463977832512315, "recall": 0.641637194223401, "f1-score": 0.6383027476478392, "support": 205}, "weighted avg": {"precision": 0.6488859519137062, "recall": 0.6439024390243903, "f1-score": 0.6407045032987928, "support": 205}, "loss": 0.8956947922706604, "Acc": 0.6439024390243903}
{"0": {"precision": 0.6136363636363636, "recall": 0.6, "f1-score": 0.6067415730337078, "support": 45}, "1": {"precision": 0.65, "recall": 0.75, "f1-score": 0.6964285714285715, "support": 52}, "2": {"precision": 0.6101694915254238, "recall": 0.72, "f1-score": 0.6605504587155964, "support": 50}, "3": {"precision": 0.7142857142857143, "recall": 0.5172413793103449, "f1-score": 0.6000000000000001, "support": 58}, "micro avg": {"precision": 0.6439024390243903, "recall": 0.6439024390243903, "f1-score": 0.6439024390243903, "support": 205}, "macro avg": {"precision": 0.6470228923618755, "recall": 0.6468103448275863, "f1-score": 0.6409301507944689, "support": 205}, "weighted avg": {"precision": 0.6504911335047756, "recall": 0.6439024390243903, "f1-score": 0.6407081923735726, "support": 205}, "loss": 0.95993572473526, "Acc": 0.6439024390243903}
