{"0": {"precision": 0.8148148148148148, "recall": 0.4888888888888889, "f1-score": 0.611111111111111, "support": 45}, "1": {"precision": 0.40425531914893614, "recall": 0.36538461538461536, "f1-score": 0.3838383838383838, "support": 52}, "2": {"precision": 0.4444444444444444, "recall": 0.56, "f1-score": 0.4955752212389381, "support": 50}, "3": {"precision": 0.6911764705882353, "recall": 0.8103448275862069, "f1-score": 0.746031746031746, "support": 58}, "micro avg": {"precision": 0.5658536585365853, "recall": 0.5658536585365853, "f1-score": 0.5658536585365853, "support": 205}, "macro avg": {"precision": 0.5886727622491077, "recall": 0.5561545829649278, "f1-score": 0.5591391155550447, "support": 205}, "weighted avg": {"precision": 0.5853580525792742, "recall": 0.5658536585365853, "f1-score": 0.56345462581163, "support": 205}, "loss": 0.9919159412384033, "Acc": 0.5658536585365853}
{"0": {"precision": 0.8484848484848485, "recall": 0.6222222222222222, "f1-score": 0.7179487179487178, "support": 45}, "1": {"precision": 0.3617021276595745, "recall": 0.3269230769230769, "f1-score": 0.3434343434343434, "support": 52}, "2": {"precision": 0.43548387096774194, "recall": 0.54, "f1-score": 0.4821428571428571, "support": 50}, "3": {"precision": 0.6666666666666666, "recall": 0.7241379310344828, "f1-score": 0.6942148760330579, "support": 58}, "micro avg": {"precision": 0.5560975609756098, "recall": 0.5560975609756098, "f1-score": 0.5560975609756098, "support": 205}, "macro avg": {"precision": 0.578084378444708, "recall": 0.5533208075449455, "f1-score": 0.559435198639744, "support": 205}, "weighted avg": {"precision": 0.5728350684642429, "recall": 0.5560975609756098, "f1-score": 0.55872138455287, "support": 205}, "loss": 0.9472782015800476, "Acc": 0.5560975609756098}
{"0": {"precision": 0.8285714285714286, "recall": 0.6444444444444445, "f1-score": 0.7250000000000001, "support": 45}, "1": {"precision": 0.41025641025641024, "recall": 0.3076923076923077, "f1-score": 0.3516483516483517, "support": 52}, "2": {"precision": 0.4838709677419355, "recall": 0.6, "f1-score": 0.5357142857142857, "support": 50}, "3": {"precision": 0.6521739130434783, "recall": 0.7758620689655172, "f1-score": 0.7086614173228347, "support": 58}, "micro avg": {"precision": 0.5853658536585366, "recall": 0.5853658536585366, "f1-score": 0.5853658536585366, "support": 205}, "macro avg": {"precision": 0.5937181799033131, "recall": 0.5819997052755673, "f1-score": 0.580256013671368, "support": 205}, "weighted avg": {"precision": 0.5884813803056885, "recall": 0.5853658536585366, "f1-score": 0.5795062964690391, "support": 205}, "loss": 0.9115642309188843, "Acc": 0.5853658536585366}
{"0": {"precision": 0.8108108108108109, "recall": 0.6666666666666666, "f1-score": 0.7317073170731707, "support": 45}, "1": {"precision": 0.5588235294117647, "recall": 0.36538461538461536, "f1-score": 0.441860465116279, "support": 52}, "2": {"precision": 0.4915254237288136, "recall": 0.58, "f1-score": 0.5321100917431192, "support": 50}, "3": {"precision": 0.6133333333333333, "recall": 0.7931034482758621, "f1-score": 0.6917293233082706, "support": 58}, "micro avg": {"precision": 0.6048780487804878, "recall": 0.6048780487804878, "f1-score": 0.6048780487804878, "support": 205}, "macro avg": {"precision": 0.6186232743211806, "recall": 0.601288682581786, "f1-score": 0.5993517993102099, "support": 205}, "weighted avg": {"precision": 0.613145924564255, "recall": 0.6048780487804878, "f1-score": 0.5981920916749993, "support": 205}, "loss": 0.8759761452674866, "Acc": 0.6048780487804878}
{"0": {"precision": 0.825, "recall": 0.7333333333333333, "f1-score": 0.776470588235294, "support": 45}, "1": {"precision": 0.6052631578947368, "recall": 0.4423076923076923, "f1-score": 0.5111111111111111, "support": 52}, "2": {"precision": 0.5178571428571429, "recall": 0.58, "f1-score": 0.5471698113207547, "support": 50}, "3": {"precision": 0.6338028169014085, "recall": 0.7758620689655172, "f1-score": 0.6976744186046512, "support": 58}, "micro avg": {"precision": 0.6341463414634146, "recall": 0.6341463414634146, "f1-score": 0.6341463414634146, "support": 205}, "macro avg": {"precision": 0.645480779413322, "recall": 0.6328757736516357, "f1-score": 0.6331064823179527, "support": 205}, "weighted avg": {"precision": 0.640254169432513, "recall": 0.6341463414634146, "f1-score": 0.6309393224071879, "support": 205}, "loss": 0.8189613223075867, "Acc": 0.6341463414634146}
