{"0": {"precision": 0.6842105263157895, "recall": 0.28888888888888886, "f1-score": 0.40625, "support": 45}, "1": {"precision": 0.4492753623188406, "recall": 0.5961538461538461, "f1-score": 0.5123966942148761, "support": 52}, "2": {"precision": 0.3829787234042553, "recall": 0.72, "f1-score": 0.4999999999999999, "support": 50}, "3": {"precision": 0.7391304347826086, "recall": 0.29310344827586204, "f1-score": 0.41975308641975306, "support": 58}, "micro avg": {"precision": 0.47317073170731705, "recall": 0.47317073170731705, "f1-score": 0.47317073170731705, "support": 205}, "macro avg": {"precision": 0.5638987617053735, "recall": 0.47453654582964927, "f1-score": 0.4595999451586573, "support": 205}, "weighted avg": {"precision": 0.5666843605482649, "recall": 0.47317073170731705, "f1-score": 0.4598612542025328, "support": 205}, "loss": 1.167242169380188, "Acc": 0.47317073170731705}
{"0": {"precision": 0.8285714285714286, "recall": 0.6444444444444445, "f1-score": 0.7250000000000001, "support": 45}, "1": {"precision": 0.5932203389830508, "recall": 0.6730769230769231, "f1-score": 0.6306306306306306, "support": 52}, "2": {"precision": 0.6379310344827587, "recall": 0.74, "f1-score": 0.6851851851851852, "support": 50}, "3": {"precision": 0.7358490566037735, "recall": 0.6724137931034483, "f1-score": 0.7027027027027026, "support": 58}, "micro avg": {"precision": 0.6829268292682927, "recall": 0.6829268292682927, "f1-score": 0.6829268292682927, "support": 205}, "macro avg": {"precision": 0.698892964660253, "recall": 0.682483790156204, "f1-score": 0.6858796296296297, "support": 205}, "weighted avg": {"precision": 0.696141311804828, "recall": 0.6829268292682927, "f1-score": 0.6850429697990673, "support": 205}, "loss": 0.901016116142273, "Acc": 0.6829268292682927}
{"0": {"precision": 0.775, "recall": 0.6888888888888889, "f1-score": 0.7294117647058822, "support": 45}, "1": {"precision": 0.5833333333333334, "recall": 0.6730769230769231, "f1-score": 0.6250000000000001, "support": 52}, "2": {"precision": 0.6363636363636364, "recall": 0.7, "f1-score": 0.6666666666666666, "support": 50}, "3": {"precision": 0.74, "recall": 0.6379310344827587, "f1-score": 0.6851851851851852, "support": 58}, "micro avg": {"precision": 0.6731707317073171, "recall": 0.6731707317073171, "f1-score": 0.6731707317073171, "support": 205}, "macro avg": {"precision": 0.6836742424242424, "recall": 0.6749742116121427, "f1-score": 0.6765659041394335, "support": 205}, "weighted avg": {"precision": 0.6826659275683665, "recall": 0.6731707317073171, "f1-score": 0.6751102609065306, "support": 205}, "loss": 0.8696185350418091, "Acc": 0.6731707317073171}
{"0": {"precision": 0.775, "recall": 0.6888888888888889, "f1-score": 0.7294117647058822, "support": 45}, "1": {"precision": 0.5892857142857143, "recall": 0.6346153846153846, "f1-score": 0.611111111111111, "support": 52}, "2": {"precision": 0.6101694915254238, "recall": 0.72, "f1-score": 0.6605504587155964, "support": 50}, "3": {"precision": 0.72, "recall": 0.6206896551724138, "f1-score": 0.6666666666666666, "support": 58}, "micro avg": {"precision": 0.6634146341463415, "recall": 0.6634146341463415, "f1-score": 0.6634146341463415, "support": 205}, "macro avg": {"precision": 0.6736138014527846, "recall": 0.6660484821691718, "f1-score": 0.666935000299814, "support": 205}, "weighted avg": {"precision": 0.6721284474103821, "recall": 0.6634146341463415, "f1-score": 0.6648560819121412, "support": 205}, "loss": 0.8699989318847656, "Acc": 0.6634146341463415}
{"0": {"precision": 0.6808510638297872, "recall": 0.7111111111111111, "f1-score": 0.6956521739130436, "support": 45}, "1": {"precision": 0.6274509803921569, "recall": 0.6153846153846154, "f1-score": 0.6213592233009709, "support": 52}, "2": {"precision": 0.6666666666666666, "recall": 0.68, "f1-score": 0.6732673267326733, "support": 50}, "3": {"precision": 0.7142857142857143, "recall": 0.6896551724137931, "f1-score": 0.7017543859649122, "support": 58}, "micro avg": {"precision": 0.6731707317073171, "recall": 0.6731707317073171, "f1-score": 0.6731707317073171, "support": 205}, "macro avg": {"precision": 0.6723136062935813, "recall": 0.67403772472738, "f1-score": 0.6730082774779, "support": 205}, "weighted avg": {"precision": 0.6733056273884749, "recall": 0.6731707317073171, "f1-score": 0.6730738934650538, "support": 205}, "loss": 0.8614584803581238, "Acc": 0.6731707317073171}
