{"0": {"precision": 0.9761904761904762, "recall": 0.9111111111111111, "f1-score": 0.9425287356321839, "support": 45}, "1": {"precision": 0.8679245283018868, "recall": 0.8846153846153846, "f1-score": 0.8761904761904762, "support": 52}, "2": {"precision": 0.9583333333333334, "recall": 0.92, "f1-score": 0.9387755102040817, "support": 50}, "3": {"precision": 0.8870967741935484, "recall": 0.9482758620689655, "f1-score": 0.9166666666666667, "support": 58}, "micro avg": {"precision": 0.9170731707317074, "recall": 0.9170731707317074, "f1-score": 0.9170731707317074, "support": 205}, "macro avg": {"precision": 0.9223862780048112, "recall": 0.9160005894488652, "f1-score": 0.9185403471733522, "support": 205}, "weighted avg": {"precision": 0.9191654949764001, "recall": 0.9170731707317074, "f1-score": 0.9174689758157258, "support": 205}, "loss": 0.28624197840690613, "Acc": 0.9170731707317074}
{"0": {"precision": 0.972972972972973, "recall": 0.8, "f1-score": 0.8780487804878049, "support": 45}, "1": {"precision": 0.7586206896551724, "recall": 0.8461538461538461, "f1-score": 0.8, "support": 52}, "2": {"precision": 0.88, "recall": 0.88, "f1-score": 0.88, "support": 50}, "3": {"precision": 0.8333333333333334, "recall": 0.8620689655172413, "f1-score": 0.847457627118644, "support": 58}, "micro avg": {"precision": 0.848780487804878, "recall": 0.848780487804878, "f1-score": 0.8487804878048779, "support": 205}, "macro avg": {"precision": 0.8612317489903697, "recall": 0.8470557029177719, "f1-score": 0.8513766019016122, "support": 205}, "weighted avg": {"precision": 0.856416551117981, "recall": 0.848780487804878, "f1-score": 0.8500718902186956, "support": 205}, "loss": 0.41893842816352844, "Acc": 0.848780487804878}
{"0": {"precision": 0.975609756097561, "recall": 0.8888888888888888, "f1-score": 0.9302325581395349, "support": 45}, "1": {"precision": 0.975609756097561, "recall": 0.7692307692307693, "f1-score": 0.860215053763441, "support": 52}, "2": {"precision": 0.9038461538461539, "recall": 0.94, "f1-score": 0.9215686274509804, "support": 50}, "3": {"precision": 0.7887323943661971, "recall": 0.9655172413793104, "f1-score": 0.8682170542635659, "support": 58}, "micro avg": {"precision": 0.8926829268292683, "recall": 0.8926829268292683, "f1-score": 0.8926829268292683, "support": 205}, "macro avg": {"precision": 0.9109495151018682, "recall": 0.8909092248747421, "f1-score": 0.8950583234043805, "support": 205}, "weighted avg": {"precision": 0.9052338190585879, "recall": 0.8926829268292683, "f1-score": 0.8928130167405552, "support": 205}, "loss": 0.3434724807739258, "Acc": 0.8926829268292683}
{"0": {"precision": 0.9302325581395349, "recall": 0.8888888888888888, "f1-score": 0.9090909090909092, "support": 45}, "1": {"precision": 0.8518518518518519, "recall": 0.8846153846153846, "f1-score": 0.8679245283018868, "support": 52}, "2": {"precision": 0.9347826086956522, "recall": 0.86, "f1-score": 0.8958333333333334, "support": 50}, "3": {"precision": 0.8548387096774194, "recall": 0.9137931034482759, "f1-score": 0.8833333333333333, "support": 58}, "micro avg": {"precision": 0.8878048780487805, "recall": 0.8878048780487805, "f1-score": 0.8878048780487805, "support": 205}, "macro avg": {"precision": 0.8929264320911147, "recall": 0.8868243442381373, "f1-score": 0.8890455260148656, "support": 205}, "weighted avg": {"precision": 0.8901294488226745, "recall": 0.8878048780487805, "f1-score": 0.8881276408818979, "support": 205}, "loss": 0.3481542468070984, "Acc": 0.8878048780487805}
{"0": {"precision": 0.9302325581395349, "recall": 0.8888888888888888, "f1-score": 0.9090909090909092, "support": 45}, "1": {"precision": 0.8363636363636363, "recall": 0.8846153846153846, "f1-score": 0.8598130841121494, "support": 52}, "2": {"precision": 0.9361702127659575, "recall": 0.88, "f1-score": 0.9072164948453608, "support": 50}, "3": {"precision": 0.85, "recall": 0.8793103448275862, "f1-score": 0.864406779661017, "support": 58}, "micro avg": {"precision": 0.8829268292682927, "recall": 0.8829268292682927, "f1-score": 0.8829268292682927, "support": 205}, "macro avg": {"precision": 0.8881916018172822, "recall": 0.8832036545829649, "f1-score": 0.8851318169273591, "support": 205}, "weighted avg": {"precision": 0.8851701699779807, "recall": 0.8829268292682927, "f1-score": 0.8834916548562426, "support": 205}, "loss": 0.37520137429237366, "Acc": 0.8829268292682927}
