{"0": {"precision": 0.6206896551724138, "recall": 0.4, "f1-score": 0.4864864864864865, "support": 45}, "1": {"precision": 0.4418604651162791, "recall": 0.36538461538461536, "f1-score": 0.4, "support": 52}, "2": {"precision": 0.4482758620689655, "recall": 0.78, "f1-score": 0.5693430656934306, "support": 50}, "3": {"precision": 0.7391304347826086, "recall": 0.5862068965517241, "f1-score": 0.6538461538461539, "support": 58}, "micro avg": {"precision": 0.5365853658536586, "recall": 0.5365853658536586, "f1-score": 0.5365853658536586, "support": 205}, "macro avg": {"precision": 0.5624891042850668, "recall": 0.5328978779840848, "f1-score": 0.5274189265065178, "support": 205}, "weighted avg": {"precision": 0.5667860340958278, "recall": 0.5365853658536586, "f1-score": 0.5321079126811725, "support": 205}, "loss": 1.1046111583709717, "Acc": 0.5365853658536586}
{"0": {"precision": 0.7391304347826086, "recall": 0.37777777777777777, "f1-score": 0.5, "support": 45}, "1": {"precision": 0.3972602739726027, "recall": 0.5576923076923077, "f1-score": 0.46399999999999997, "support": 52}, "2": {"precision": 0.532258064516129, "recall": 0.66, "f1-score": 0.5892857142857142, "support": 50}, "3": {"precision": 0.7872340425531915, "recall": 0.6379310344827587, "f1-score": 0.7047619047619048, "support": 58}, "micro avg": {"precision": 0.5658536585365853, "recall": 0.5658536585365853, "f1-score": 0.5658536585365853, "support": 205}, "macro avg": {"precision": 0.613970703956133, "recall": 0.558350279988211, "f1-score": 0.5645119047619047, "support": 205}, "weighted avg": {"precision": 0.6155652756374843, "recall": 0.5658536585365853, "f1-score": 0.5705779326364693, "support": 205}, "loss": 1.0224143266677856, "Acc": 0.5658536585365853}
{"0": {"precision": 0.7727272727272727, "recall": 0.37777777777777777, "f1-score": 0.5074626865671642, "support": 45}, "1": {"precision": 0.4594594594594595, "recall": 0.6538461538461539, "f1-score": 0.5396825396825398, "support": 52}, "2": {"precision": 0.6153846153846154, "recall": 0.8, "f1-score": 0.6956521739130435, "support": 50}, "3": {"precision": 0.7954545454545454, "recall": 0.603448275862069, "f1-score": 0.6862745098039215, "support": 58}, "micro avg": {"precision": 0.6146341463414634, "recall": 0.6146341463414634, "f1-score": 0.6146341463414634, "support": 205}, "macro avg": {"precision": 0.6607564732564732, "recall": 0.6087680518715002, "f1-score": 0.6072679774916672, "support": 205}, "weighted avg": {"precision": 0.6613181149766516, "recall": 0.6146341463414634, "f1-score": 0.6121260645038735, "support": 205}, "loss": 1.0005420446395874, "Acc": 0.6146341463414634}
{"0": {"precision": 0.7419354838709677, "recall": 0.5111111111111111, "f1-score": 0.6052631578947368, "support": 45}, "1": {"precision": 0.484375, "recall": 0.5961538461538461, "f1-score": 0.5344827586206896, "support": 52}, "2": {"precision": 0.6290322580645161, "recall": 0.78, "f1-score": 0.6964285714285714, "support": 50}, "3": {"precision": 0.75, "recall": 0.6206896551724138, "f1-score": 0.679245283018868, "support": 58}, "micro avg": {"precision": 0.6292682926829268, "recall": 0.6292682926829268, "f1-score": 0.6292682926829268, "support": 205}, "macro avg": {"precision": 0.651335685483871, "recall": 0.6269886531093428, "f1-score": 0.6288549427407164, "support": 205}, "weighted avg": {"precision": 0.6513473642800944, "recall": 0.6292682926829268, "f1-score": 0.6304761001954241, "support": 205}, "loss": 0.9697874784469604, "Acc": 0.6292682926829268}
{"0": {"precision": 0.7142857142857143, "recall": 0.5555555555555556, "f1-score": 0.6250000000000001, "support": 45}, "1": {"precision": 0.42528735632183906, "recall": 0.7115384615384616, "f1-score": 0.5323741007194245, "support": 52}, "2": {"precision": 0.7659574468085106, "recall": 0.72, "f1-score": 0.7422680412371133, "support": 50}, "3": {"precision": 0.7777777777777778, "recall": 0.4827586206896552, "f1-score": 0.5957446808510638, "support": 58}, "micro avg": {"precision": 0.6146341463414634, "recall": 0.6146341463414634, "f1-score": 0.6146341463414634, "support": 205}, "macro avg": {"precision": 0.6708270737984604, "recall": 0.617463159445918, "f1-score": 0.6238467057019005, "support": 205}, "weighted avg": {"precision": 0.6715452835274606, "recall": 0.6146341463414634, "f1-score": 0.6218294965298901, "support": 205}, "loss": 1.038262963294983, "Acc": 0.6146341463414634}
