{"0": {"precision": 0.7333333333333333, "recall": 0.4888888888888889, "f1-score": 0.5866666666666667, "support": 45}, "1": {"precision": 0.4, "recall": 0.23076923076923078, "f1-score": 0.29268292682926833, "support": 52}, "2": {"precision": 0.4246575342465753, "recall": 0.62, "f1-score": 0.5040650406504065, "support": 50}, "3": {"precision": 0.625, "recall": 0.7758620689655172, "f1-score": 0.6923076923076923, "support": 58}, "micro avg": {"precision": 0.5365853658536586, "recall": 0.5365853658536586, "f1-score": 0.5365853658536586, "support": 205}, "macro avg": {"precision": 0.5457477168949771, "recall": 0.5288800471559092, "f1-score": 0.5189305816135084, "support": 205}, "weighted avg": {"precision": 0.5428433010357501, "recall": 0.5365853658536586, "f1-score": 0.5218371238121386, "support": 205}, "loss": 1.0475094318389893, "Acc": 0.5365853658536586}
{"0": {"precision": 0.9047619047619048, "recall": 0.4222222222222222, "f1-score": 0.5757575757575758, "support": 45}, "1": {"precision": 0.44680851063829785, "recall": 0.40384615384615385, "f1-score": 0.42424242424242425, "support": 52}, "2": {"precision": 0.4634146341463415, "recall": 0.76, "f1-score": 0.5757575757575758, "support": 50}, "3": {"precision": 0.7454545454545455, "recall": 0.7068965517241379, "f1-score": 0.7256637168141592, "support": 58}, "micro avg": {"precision": 0.5804878048780487, "recall": 0.5804878048780487, "f1-score": 0.5804878048780487, "support": 205}, "macro avg": {"precision": 0.6401098987502724, "recall": 0.5732412319481285, "f1-score": 0.5753553231429337, "support": 205}, "weighted avg": {"precision": 0.63588011517638, "recall": 0.5804878048780487, "f1-score": 0.579736933330717, "support": 205}, "loss": 1.027803897857666, "Acc": 0.5804878048780487}
{"0": {"precision": 0.8333333333333334, "recall": 0.4444444444444444, "f1-score": 0.5797101449275363, "support": 45}, "1": {"precision": 0.5094339622641509, "recall": 0.5192307692307693, "f1-score": 0.5142857142857143, "support": 52}, "2": {"precision": 0.5161290322580645, "recall": 0.64, "f1-score": 0.5714285714285714, "support": 50}, "3": {"precision": 0.6666666666666666, "recall": 0.7586206896551724, "f1-score": 0.7096774193548386, "support": 58}, "micro avg": {"precision": 0.6, "recall": 0.6, "f1-score": 0.6, "support": 205}, "macro avg": {"precision": 0.6313907486305539, "recall": 0.5905739758325965, "f1-score": 0.5937754624991651, "support": 205}, "weighted avg": {"precision": 0.6266521186210036, "recall": 0.6, "f1-score": 0.5978660124810024, "support": 205}, "loss": 0.9415062069892883, "Acc": 0.6}
{"0": {"precision": 0.8064516129032258, "recall": 0.5555555555555556, "f1-score": 0.6578947368421053, "support": 45}, "1": {"precision": 0.5166666666666667, "recall": 0.5961538461538461, "f1-score": 0.5535714285714286, "support": 52}, "2": {"precision": 0.603448275862069, "recall": 0.7, "f1-score": 0.6481481481481481, "support": 50}, "3": {"precision": 0.75, "recall": 0.7241379310344828, "f1-score": 0.736842105263158, "support": 58}, "micro avg": {"precision": 0.6487804878048781, "recall": 0.6487804878048781, "f1-score": 0.6487804878048781, "support": 205}, "macro avg": {"precision": 0.6691416388579904, "recall": 0.6439618331859711, "f1-score": 0.64911410470621, "support": 205}, "weighted avg": {"precision": 0.6674605026361722, "recall": 0.6487804878048781, "f1-score": 0.6513913510062419, "support": 205}, "loss": 0.8922305703163147, "Acc": 0.6487804878048781}
{"0": {"precision": 0.7878787878787878, "recall": 0.5777777777777777, "f1-score": 0.6666666666666666, "support": 45}, "1": {"precision": 0.5588235294117647, "recall": 0.7307692307692307, "f1-score": 0.6333333333333334, "support": 52}, "2": {"precision": 0.6326530612244898, "recall": 0.62, "f1-score": 0.6262626262626263, "support": 50}, "3": {"precision": 0.7454545454545455, "recall": 0.7068965517241379, "f1-score": 0.7256637168141592, "support": 58}, "micro avg": {"precision": 0.6634146341463415, "recall": 0.6634146341463415, "f1-score": 0.6634146341463415, "support": 205}, "macro avg": {"precision": 0.681202480992397, "recall": 0.6588608900677866, "f1-score": 0.6629815857691964, "support": 205}, "weighted avg": {"precision": 0.6799140764953432, "recall": 0.6634146341463415, "f1-score": 0.6650485864472483, "support": 205}, "loss": 0.89260333776474, "Acc": 0.6634146341463415}
