{"0": {"precision": 0.6086956521739131, "recall": 0.3111111111111111, "f1-score": 0.411764705882353, "support": 45}, "1": {"precision": 0.3384615384615385, "recall": 0.4230769230769231, "f1-score": 0.37606837606837606, "support": 52}, "2": {"precision": 0.38596491228070173, "recall": 0.44, "f1-score": 0.411214953271028, "support": 50}, "3": {"precision": 0.6833333333333333, "recall": 0.7068965517241379, "f1-score": 0.6949152542372882, "support": 58}, "micro avg": {"precision": 0.48292682926829267, "recall": 0.48292682926829267, "f1-score": 0.48292682926829267, "support": 205}, "macro avg": {"precision": 0.5041138590623717, "recall": 0.470271146478043, "f1-score": 0.47349082236476137, "support": 205}, "weighted avg": {"precision": 0.5069408941229, "recall": 0.48292682926829267, "f1-score": 0.482686827949149, "support": 205}, "loss": 1.1048208475112915, "Acc": 0.48292682926829267}
{"0": {"precision": 0.6956521739130435, "recall": 0.35555555555555557, "f1-score": 0.47058823529411764, "support": 45}, "1": {"precision": 0.40789473684210525, "recall": 0.5961538461538461, "f1-score": 0.48437500000000006, "support": 52}, "2": {"precision": 0.4074074074074074, "recall": 0.44, "f1-score": 0.4230769230769231, "support": 50}, "3": {"precision": 0.75, "recall": 0.6724137931034483, "f1-score": 0.709090909090909, "support": 58}, "micro avg": {"precision": 0.526829268292683, "recall": 0.526829268292683, "f1-score": 0.526829268292683, "support": 205}, "macro avg": {"precision": 0.565238579540639, "recall": 0.5160307987032124, "f1-score": 0.5217827668654875, "support": 205}, "weighted avg": {"precision": 0.5677329000597405, "recall": 0.526829268292683, "f1-score": 0.5299760461919716, "support": 205}, "loss": 1.0620005130767822, "Acc": 0.526829268292683}
{"0": {"precision": 0.6571428571428571, "recall": 0.5111111111111111, "f1-score": 0.575, "support": 45}, "1": {"precision": 0.4666666666666667, "recall": 0.5384615384615384, "f1-score": 0.5, "support": 52}, "2": {"precision": 0.45098039215686275, "recall": 0.46, "f1-score": 0.45544554455445546, "support": 50}, "3": {"precision": 0.6949152542372882, "recall": 0.7068965517241379, "f1-score": 0.7008547008547009, "support": 58}, "micro avg": {"precision": 0.5609756097560976, "recall": 0.5609756097560976, "f1-score": 0.5609756097560976, "support": 205}, "macro avg": {"precision": 0.5674262925509187, "recall": 0.5541173003241968, "f1-score": 0.557825061352289, "support": 205}, "weighted avg": {"precision": 0.569230241910737, "recall": 0.5609756097560976, "f1-score": 0.5624236579380265, "support": 205}, "loss": 0.9740484952926636, "Acc": 0.5609756097560976}
{"0": {"precision": 0.6756756756756757, "recall": 0.5555555555555556, "f1-score": 0.6097560975609757, "support": 45}, "1": {"precision": 0.484375, "recall": 0.5961538461538461, "f1-score": 0.5344827586206896, "support": 52}, "2": {"precision": 0.5, "recall": 0.46, "f1-score": 0.4791666666666667, "support": 50}, "3": {"precision": 0.6896551724137931, "recall": 0.6896551724137931, "f1-score": 0.6896551724137931, "support": 58}, "micro avg": {"precision": 0.5804878048780487, "recall": 0.5804878048780487, "f1-score": 0.5804878048780487, "support": 205}, "macro avg": {"precision": 0.5874264620223673, "recall": 0.5753411435307987, "f1-score": 0.5782651738155313, "support": 205}, "weighted avg": {"precision": 0.5882580751483191, "recall": 0.5804878048780487, "f1-score": 0.5814168837651371, "support": 205}, "loss": 0.9825239777565002, "Acc": 0.5804878048780487}
{"0": {"precision": 0.7105263157894737, "recall": 0.6, "f1-score": 0.6506024096385543, "support": 45}, "1": {"precision": 0.515625, "recall": 0.6346153846153846, "f1-score": 0.5689655172413792, "support": 52}, "2": {"precision": 0.5227272727272727, "recall": 0.46, "f1-score": 0.4893617021276596, "support": 50}, "3": {"precision": 0.6779661016949152, "recall": 0.6896551724137931, "f1-score": 0.6837606837606838, "support": 58}, "micro avg": {"precision": 0.6, "recall": 0.6, "f1-score": 0.6, "support": 205}, "macro avg": {"precision": 0.6067111725529154, "recall": 0.5960676392572944, "f1-score": 0.5981725781920693, "support": 205}, "weighted avg": {"precision": 0.606071130464366, "recall": 0.6, "f1-score": 0.5999488785111673, "support": 205}, "loss": 1.0150725841522217, "Acc": 0.6}
