{"0": {"precision": 0.9743589743589743, "recall": 0.8444444444444444, "f1-score": 0.9047619047619048, "support": 45}, "1": {"precision": 0.7377049180327869, "recall": 0.8653846153846154, "f1-score": 0.7964601769911505, "support": 52}, "2": {"precision": 0.9215686274509803, "recall": 0.94, "f1-score": 0.9306930693069307, "support": 50}, "3": {"precision": 0.8888888888888888, "recall": 0.8275862068965517, "f1-score": 0.8571428571428572, "support": 58}, "micro avg": {"precision": 0.8682926829268293, "recall": 0.8682926829268293, "f1-score": 0.8682926829268293, "support": 205}, "macro avg": {"precision": 0.8806303521829076, "recall": 0.8693538166814029, "f1-score": 0.8722645020507108, "support": 205}, "weighted avg": {"precision": 0.8772721781071382, "recall": 0.8682926829268293, "f1-score": 0.8701422151095501, "support": 205}, "loss": 0.38116276264190674, "Acc": 0.8682926829268293}
{"0": {"precision": 0.9743589743589743, "recall": 0.8444444444444444, "f1-score": 0.9047619047619048, "support": 45}, "1": {"precision": 0.95, "recall": 0.7307692307692307, "f1-score": 0.8260869565217392, "support": 52}, "2": {"precision": 0.9387755102040817, "recall": 0.92, "f1-score": 0.9292929292929293, "support": 50}, "3": {"precision": 0.7532467532467533, "recall": 1.0, "f1-score": 0.8592592592592593, "support": 58}, "micro avg": {"precision": 0.8780487804878049, "recall": 0.8780487804878049, "f1-score": 0.8780487804878049, "support": 205}, "macro avg": {"precision": 0.9040953094524523, "recall": 0.8738034188034188, "f1-score": 0.8798502624589581, "support": 205}, "weighted avg": {"precision": 0.8969426392422909, "recall": 0.8780487804878049, "f1-score": 0.8779145900248764, "support": 205}, "loss": 0.362045556306839, "Acc": 0.8780487804878049}
{"0": {"precision": 0.9318181818181818, "recall": 0.9111111111111111, "f1-score": 0.9213483146067416, "support": 45}, "1": {"precision": 0.9761904761904762, "recall": 0.7884615384615384, "f1-score": 0.8723404255319148, "support": 52}, "2": {"precision": 0.9591836734693877, "recall": 0.94, "f1-score": 0.9494949494949495, "support": 50}, "3": {"precision": 0.8, "recall": 0.9655172413793104, "f1-score": 0.8750000000000001, "support": 58}, "micro avg": {"precision": 0.9024390243902439, "recall": 0.9024390243902439, "f1-score": 0.9024390243902439, "support": 205}, "macro avg": {"precision": 0.9167980828695115, "recall": 0.9012724727379899, "f1-score": 0.9045459224084015, "support": 205}, "weighted avg": {"precision": 0.9124532030106944, "recall": 0.9024390243902439, "f1-score": 0.9026688963888313, "support": 205}, "loss": 0.2984903156757355, "Acc": 0.9024390243902439}
{"0": {"precision": 0.9361702127659575, "recall": 0.9777777777777777, "f1-score": 0.9565217391304347, "support": 45}, "1": {"precision": 0.9545454545454546, "recall": 0.8076923076923077, "f1-score": 0.875, "support": 52}, "2": {"precision": 0.9607843137254902, "recall": 0.98, "f1-score": 0.9702970297029702, "support": 50}, "3": {"precision": 0.873015873015873, "recall": 0.9482758620689655, "f1-score": 0.9090909090909091, "support": 58}, "micro avg": {"precision": 0.926829268292683, "recall": 0.926829268292683, "f1-score": 0.926829268292683, "support": 205}, "macro avg": {"precision": 0.9311289635131939, "recall": 0.9284364868847628, "f1-score": 0.9277274194810785, "support": 205}, "weighted avg": {"precision": 0.9289666318635457, "recall": 0.926829268292683, "f1-score": 0.9257834266989795, "support": 205}, "loss": 0.2866215705871582, "Acc": 0.926829268292683}
{"0": {"precision": 0.9347826086956522, "recall": 0.9555555555555556, "f1-score": 0.945054945054945, "support": 45}, "1": {"precision": 0.9545454545454546, "recall": 0.8076923076923077, "f1-score": 0.875, "support": 52}, "2": {"precision": 0.9607843137254902, "recall": 0.98, "f1-score": 0.9702970297029702, "support": 50}, "3": {"precision": 0.859375, "recall": 0.9482758620689655, "f1-score": 0.9016393442622951, "support": 58}, "micro avg": {"precision": 0.9219512195121952, "recall": 0.9219512195121952, "f1-score": 0.9219512195121952, "support": 205}, "macro avg": {"precision": 0.9273718442416493, "recall": 0.9228809313292072, "f1-score": 0.9229978297550525, "support": 205}, "weighted avg": {"precision": 0.9248026668972805, "recall": 0.9219512195121952, "f1-score": 0.9211580779504105, "support": 205}, "loss": 0.291672945022583, "Acc": 0.9219512195121952}
