{"0": {"precision": 0.7222222222222222, "recall": 0.5777777777777777, "f1-score": 0.6419753086419753, "support": 45}, "1": {"precision": 0.5384615384615384, "recall": 0.5384615384615384, "f1-score": 0.5384615384615384, "support": 52}, "2": {"precision": 0.4107142857142857, "recall": 0.46, "f1-score": 0.43396226415094336, "support": 50}, "3": {"precision": 0.7049180327868853, "recall": 0.7413793103448276, "f1-score": 0.7226890756302522, "support": 58}, "micro avg": {"precision": 0.5853658536585366, "recall": 0.5853658536585366, "f1-score": 0.5853658536585366, "support": 205}, "macro avg": {"precision": 0.5940790197962329, "recall": 0.579404656646036, "f1-score": 0.5842720467211773, "support": 205}, "weighted avg": {"precision": 0.5947363911578225, "recall": 0.5853658536585366, "f1-score": 0.5878193584536131, "support": 205}, "loss": 0.9671075344085693, "Acc": 0.5853658536585366}
{"0": {"precision": 0.7027027027027027, "recall": 0.5777777777777777, "f1-score": 0.6341463414634145, "support": 45}, "1": {"precision": 0.5614035087719298, "recall": 0.6153846153846154, "f1-score": 0.5871559633027522, "support": 52}, "2": {"precision": 0.4393939393939394, "recall": 0.58, "f1-score": 0.5, "support": 50}, "3": {"precision": 0.7777777777777778, "recall": 0.603448275862069, "f1-score": 0.6796116504854369, "support": 58}, "micro avg": {"precision": 0.5951219512195122, "recall": 0.5951219512195122, "f1-score": 0.5951219512195122, "support": 205}, "macro avg": {"precision": 0.6203194821615874, "recall": 0.5941526672561155, "f1-score": 0.6002284888129009, "support": 205}, "weighted avg": {"precision": 0.6238800593100978, "recall": 0.5951219512195122, "f1-score": 0.6023715667597663, "support": 205}, "loss": 0.94903165102005, "Acc": 0.5951219512195122}
{"0": {"precision": 0.7368421052631579, "recall": 0.6222222222222222, "f1-score": 0.6746987951807228, "support": 45}, "1": {"precision": 0.5925925925925926, "recall": 0.6153846153846154, "f1-score": 0.6037735849056604, "support": 52}, "2": {"precision": 0.5344827586206896, "recall": 0.62, "f1-score": 0.574074074074074, "support": 50}, "3": {"precision": 0.7272727272727273, "recall": 0.6896551724137931, "f1-score": 0.7079646017699116, "support": 58}, "micro avg": {"precision": 0.6390243902439025, "recall": 0.6390243902439025, "f1-score": 0.6390243902439025, "support": 205}, "macro avg": {"precision": 0.6477975459372918, "recall": 0.6368155025051577, "f1-score": 0.6401277639825922, "support": 205}, "weighted avg": {"precision": 0.6481886129976078, "recall": 0.6390243902439025, "f1-score": 0.6415771844126119, "support": 205}, "loss": 0.8845715522766113, "Acc": 0.6390243902439025}
{"0": {"precision": 0.7692307692307693, "recall": 0.6666666666666666, "f1-score": 0.7142857142857142, "support": 45}, "1": {"precision": 0.6739130434782609, "recall": 0.5961538461538461, "f1-score": 0.6326530612244897, "support": 52}, "2": {"precision": 0.5846153846153846, "recall": 0.76, "f1-score": 0.6608695652173914, "support": 50}, "3": {"precision": 0.7454545454545455, "recall": 0.7068965517241379, "f1-score": 0.7256637168141592, "support": 58}, "micro avg": {"precision": 0.6829268292682927, "recall": 0.6829268292682927, "f1-score": 0.6829268292682927, "support": 205}, "macro avg": {"precision": 0.6933034356947401, "recall": 0.6824292661361626, "f1-score": 0.6833680143854386, "support": 205}, "weighted avg": {"precision": 0.693297540211644, "recall": 0.6829268292682927, "f1-score": 0.6837697081103483, "support": 205}, "loss": 0.8398543000221252, "Acc": 0.6829268292682927}
{"0": {"precision": 0.7692307692307693, "recall": 0.6666666666666666, "f1-score": 0.7142857142857142, "support": 45}, "1": {"precision": 0.7142857142857143, "recall": 0.5769230769230769, "f1-score": 0.6382978723404256, "support": 52}, "2": {"precision": 0.5633802816901409, "recall": 0.8, "f1-score": 0.6611570247933886, "support": 50}, "3": {"precision": 0.7547169811320755, "recall": 0.6896551724137931, "f1-score": 0.7207207207207208, "support": 58}, "micro avg": {"precision": 0.6829268292682927, "recall": 0.6829268292682927, "f1-score": 0.6829268292682927, "support": 205}, "macro avg": {"precision": 0.700403436584675, "recall": 0.6833112290008841, "f1-score": 0.6836153330350623, "support": 205}, "weighted avg": {"precision": 0.7009797109678496, "recall": 0.6829268292682927, "f1-score": 0.683873168517222, "support": 205}, "loss": 0.8630205392837524, "Acc": 0.6829268292682927}
