{"0": {"precision": 0.0, "recall": 0.0, "f1-score": 0.0, "support": 84}, "1": {"precision": 0.011363636363636364, "recall": 0.011235955056179775, "f1-score": 0.011299435028248588, "support": 89}, "2": {"precision": 0.017241379310344827, "recall": 0.028037383177570093, "f1-score": 0.02135231316725979, "support": 107}, "3": {"precision": 0.05454545454545454, "recall": 0.06451612903225806, "f1-score": 0.059113300492610835, "support": 93}, "micro avg": {"precision": 0.02680965147453083, "recall": 0.02680965147453083, "f1-score": 0.026809651474530828, "support": 373}, "macro avg": {"precision": 0.020787617554858934, "recall": 0.025947366816501984, "f1-score": 0.022941262172029804, "support": 373}, "weighted avg": {"precision": 0.021257154142889558, "recall": 0.02680965147453083, "f1-score": 0.02356001118558641, "support": 373}, "loss": 1.7282911539077759, "Acc": 0.02680965147453083}
{"0": {"precision": 0.0, "recall": 0.0, "f1-score": 0.0, "support": 84}, "1": {"precision": 0.02247191011235955, "recall": 0.02247191011235955, "f1-score": 0.02247191011235955, "support": 89}, "2": {"precision": 0.017142857142857144, "recall": 0.028037383177570093, "f1-score": 0.02127659574468085, "support": 107}, "3": {"precision": 0.046296296296296294, "recall": 0.053763440860215055, "f1-score": 0.04975124378109453, "support": 93}, "micro avg": {"precision": 0.02680965147453083, "recall": 0.02680965147453083, "f1-score": 0.026809651474530828, "support": 373}, "macro avg": {"precision": 0.021477765887878246, "recall": 0.026068183537536177, "f1-score": 0.02337493740953373, "support": 373}, "weighted avg": {"precision": 0.021822630750244692, "recall": 0.02680965147453083, "f1-score": 0.02386986974885427, "support": 373}, "loss": 1.7259085178375244, "Acc": 0.02680965147453083}
{"0": {"precision": 0.0, "recall": 0.0, "f1-score": 0.0, "support": 84}, "1": {"precision": 0.02247191011235955, "recall": 0.02247191011235955, "f1-score": 0.02247191011235955, "support": 89}, "2": {"precision": 0.017142857142857144, "recall": 0.028037383177570093, "f1-score": 0.02127659574468085, "support": 107}, "3": {"precision": 0.046296296296296294, "recall": 0.053763440860215055, "f1-score": 0.04975124378109453, "support": 93}, "micro avg": {"precision": 0.02680965147453083, "recall": 0.02680965147453083, "f1-score": 0.026809651474530828, "support": 373}, "macro avg": {"precision": 0.021477765887878246, "recall": 0.026068183537536177, "f1-score": 0.02337493740953373, "support": 373}, "weighted avg": {"precision": 0.021822630750244692, "recall": 0.02680965147453083, "f1-score": 0.02386986974885427, "support": 373}, "loss": 1.7252157926559448, "Acc": 0.02680965147453083}
{"0": {"precision": 0.0, "recall": 0.0, "f1-score": 0.0, "support": 84}, "1": {"precision": 0.022222222222222223, "recall": 0.02247191011235955, "f1-score": 0.022346368715083796, "support": 89}, "2": {"precision": 0.017142857142857144, "recall": 0.028037383177570093, "f1-score": 0.02127659574468085, "support": 107}, "3": {"precision": 0.04672897196261682, "recall": 0.053763440860215055, "f1-score": 0.049999999999999996, "support": 93}, "micro avg": {"precision": 0.02680965147453083, "recall": 0.02680965147453083, "f1-score": 0.026809651474530828, "support": 373}, "macro avg": {"precision": 0.021523512831924045, "recall": 0.026068183537536177, "f1-score": 0.02340574111494116, "support": 373}, "weighted avg": {"precision": 0.0218709326664527, "recall": 0.02680965147453083, "f1-score": 0.02390193715904372, "support": 373}, "loss": 1.7242660522460938, "Acc": 0.02680965147453083}
{"0": {"precision": 0.0, "recall": 0.0, "f1-score": 0.0, "support": 84}, "1": {"precision": 0.022222222222222223, "recall": 0.02247191011235955, "f1-score": 0.022346368715083796, "support": 89}, "2": {"precision": 0.017142857142857144, "recall": 0.028037383177570093, "f1-score": 0.02127659574468085, "support": 107}, "3": {"precision": 0.04672897196261682, "recall": 0.053763440860215055, "f1-score": 0.049999999999999996, "support": 93}, "micro avg": {"precision": 0.02680965147453083, "recall": 0.02680965147453083, "f1-score": 0.026809651474530828, "support": 373}, "macro avg": {"precision": 0.021523512831924045, "recall": 0.026068183537536177, "f1-score": 0.02340574111494116, "support": 373}, "weighted avg": {"precision": 0.0218709326664527, "recall": 0.02680965147453083, "f1-score": 0.02390193715904372, "support": 373}, "loss": 1.723379135131836, "Acc": 0.02680965147453083}
{"0": {"precision": 0.9176470588235294, "recall": 0.9285714285714286, "f1-score": 0.923076923076923, "support": 84}, "1": {"precision": 0.40350877192982454, "recall": 0.7752808988764045, "f1-score": 0.5307692307692308, "support": 89}, "2": {"precision": 0.14285714285714285, "recall": 0.028037383177570093, "f1-score": 0.04687499999999999, "support": 107}, "3": {"precision": 0.7916666666666666, "recall": 0.8172043010752689, "f1-score": 0.8042328042328043, "support": 93}, "micro avg": {"precision": 0.6058981233243967, "recall": 0.6058981233243967, "f1-score": 0.6058981233243967, "support": 373}, "macro avg": {"precision": 0.5639199100692909, "recall": 0.637273502925168, "f1-score": 0.5762384895197395, "support": 373}, "weighted avg": {"precision": 0.5413012008810861, "recall": 0.6058981233243967, "f1-score": 0.5484884688219138, "support": 373}, "loss": 1.214431881904602, "Acc": 0.6058981233243967}
{"0": {"precision": 0.9285714285714286, "recall": 0.9285714285714286, "f1-score": 0.9285714285714286, "support": 84}, "1": {"precision": 0.41040462427745666, "recall": 0.797752808988764, "f1-score": 0.5419847328244275, "support": 89}, "2": {"precision": 0.13636363636363635, "recall": 0.028037383177570093, "f1-score": 0.046511627906976744, "support": 107}, "3": {"precision": 0.8085106382978723, "recall": 0.8172043010752689, "f1-score": 0.8128342245989305, "support": 93}, "micro avg": {"precision": 0.6112600536193029, "recall": 0.6112600536193029, "f1-score": 0.6112600536193029, "support": 373}, "macro avg": {"precision": 0.5709625818775985, "recall": 0.6428914804532578, "f1-score": 0.5824755034754409, "support": 373}, "weighted avg": {"precision": 0.5477437265772248, "recall": 0.6112600536193029, "f1-score": 0.5544422742496544, "support": 373}, "loss": 1.21201753616333, "Acc": 0.6112600536193029}
{"0": {"precision": 0.9285714285714286, "recall": 0.9285714285714286, "f1-score": 0.9285714285714286, "support": 84}, "1": {"precision": 0.41379310344827586, "recall": 0.8089887640449438, "f1-score": 0.5475285171102662, "support": 89}, "2": {"precision": 0.13043478260869565, "recall": 0.028037383177570093, "f1-score": 0.04615384615384615, "support": 107}, "3": {"precision": 0.8260869565217391, "recall": 0.8172043010752689, "f1-score": 0.8216216216216217, "support": 93}, "micro avg": {"precision": 0.613941018766756, "recall": 0.613941018766756, "f1-score": 0.613941018766756, "support": 373}, "macro avg": {"precision": 0.5747215677875348, "recall": 0.6457004692173028, "f1-score": 0.5859688533642906, "support": 373}, "weighted avg": {"precision": 0.5512337664947686, "recall": 0.613941018766756, "f1-score": 0.5578533790136354, "support": 373}, "loss": 1.211482048034668, "Acc": 0.613941018766756}
{"0": {"precision": 0.9285714285714286, "recall": 0.9285714285714286, "f1-score": 0.9285714285714286, "support": 84}, "1": {"precision": 0.41379310344827586, "recall": 0.8089887640449438, "f1-score": 0.5475285171102662, "support": 89}, "2": {"precision": 0.13043478260869565, "recall": 0.028037383177570093, "f1-score": 0.04615384615384615, "support": 107}, "3": {"precision": 0.8260869565217391, "recall": 0.8172043010752689, "f1-score": 0.8216216216216217, "support": 93}, "micro avg": {"precision": 0.613941018766756, "recall": 0.613941018766756, "f1-score": 0.613941018766756, "support": 373}, "macro avg": {"precision": 0.5747215677875348, "recall": 0.6457004692173028, "f1-score": 0.5859688533642906, "support": 373}, "weighted avg": {"precision": 0.5512337664947686, "recall": 0.613941018766756, "f1-score": 0.5578533790136354,