{"0": {"precision": 0.16666666666666666, "recall": 0.08333333333333333, "f1-score": 0.1111111111111111, "support": 84}, "1": {"precision": 0.03626943005181347, "recall": 0.07865168539325842, "f1-score": 0.04964539007092199, "support": 89}, "2": {"precision": 0.012987012987012988, "recall": 0.009345794392523364, "f1-score": 0.010869565217391306, "support": 107}, "3": {"precision": 0.0, "recall": 0.0, "f1-score": 0.0, "support": 93}, "micro avg": {"precision": 0.040214477211796246, "recall": 0.040214477211796246, "f1-score": 0.040214477211796246, "support": 373}, "macro avg": {"precision": 0.05398077742637328, "recall": 0.04283270327977878, "f1-score": 0.0429065165998561, "support": 373}, "weighted avg": {"precision": 0.049913109019361364, "recall": 0.040214477211796246, "f1-score": 0.039986103291973885, "support": 373}, "loss": 1.565527319908142, "Acc": 0.040214477211796246}
{"0": {"precision": 0.18604651162790697, "recall": 0.09523809523809523, "f1-score": 0.12598425196850394, "support": 84}, "1": {"precision": 0.03626943005181347, "recall": 0.07865168539325842, "f1-score": 0.04964539007092199, "support": 89}, "2": {"precision": 0.013157894736842105, "recall": 0.009345794392523364, "f1-score": 0.01092896174863388, "support": 107}, "3": {"precision": 0.0, "recall": 0.0, "f1-score": 0.0, "support": 93}, "micro avg": {"precision": 0.04289544235924933, "recall": 0.04289544235924933, "f1-score": 0.04289544235924933, "support": 373}, "macro avg": {"precision": 0.05886845910414064, "recall": 0.045808893755969256, "f1-score": 0.04663965094701496, "support": 373}, "weighted avg": {"precision": 0.0543264905849804, "recall": 0.04289544235924933, "f1-score": 0.04335258924603275, "support": 373}, "loss": 1.5634593963623047, "Acc": 0.04289544235924933}
{"0": {"precision": 0.1951219512195122, "recall": 0.09523809523809523, "f1-score": 0.128, "support": 84}, "1": {"precision": 0.03125, "recall": 0.06741573033707865, "f1-score": 0.042704626334519574, "support": 89}, "2": {"precision": 0.013157894736842105, "recall": 0.009345794392523364, "f1-score": 0.01092896174863388, "support": 107}, "3": {"precision": 0.0, "recall": 0.0, "f1-score": 0.0, "support": 93}, "micro avg": {"precision": 0.040214477211796246, "recall": 0.040214477211796246, "f1-score": 0.040214477211796246, "support": 373}, "macro avg": {"precision": 0.05988246148908857, "recall": 0.04299990499192431, "f1-score": 0.04540839702078837, "support": 373}, "weighted avg": {"precision": 0.05517262369780464, "recall": 0.040214477211796246, "f1-score": 0.042150430699399645, "support": 373}, "loss": 1.5620784759521484, "Acc": 0.040214477211796246}
{"0": {"precision": 0.2, "recall": 0.09523809523809523, "f1-score": 0.12903225806451613, "support": 84}, "1": {"precision": 0.03125, "recall": 0.06741573033707865, "f1-score": 0.042704626334519574, "support": 89}, "2": {"precision": 0.013157894736842105, "recall": 0.009345794392523364, "f1-score": 0.01092896174863388, "support": 107}, "3": {"precision": 0.0, "recall": 0.0, "f1-score": 0.0, "support": 93}, "micro avg": {"precision": 0.040214477211796246, "recall": 0.040214477211796246, "f1-score": 0.040214477211796246, "support": 373}, "macro avg": {"precision": 0.061101973684210525, "recall": 0.04299990499192431, "f1-score": 0.0456664615369174, "support": 373}, "weighted avg": {"precision": 0.056271165514322, "recall": 0.040214477211796246, "f1-score": 0.042382896322507836, "support": 373}, "loss": 1.5612722635269165, "Acc": 0.040214477211796246}
{"0": {"precision": 0.27450980392156865, "recall": 0.16666666666666666, "f1-score": 0.20740740740740743, "support": 84}, "1": {"precision": 0.03571428571428571, "recall": 0.07865168539325842, "f1-score": 0.04912280701754386, "support": 89}, "2": {"precision": 0.014925373134328358, "recall": 0.009345794392523364, "f1-score": 0.011494252873563218, "support": 107}, "3": {"precision": 0.0, "recall": 0.0, "f1-score": 0.0, "support": 93}, "micro avg": {"precision": 0.058981233243967826, "recall": 0.058981233243967826, "f1-score": 0.058981233243967826, "support": 373}, "macro avg": {"precision": 0.08128736569254567, "recall": 0.06366603661311211, "f1-score": 0.06700611682462862, "support": 373}, "weighted avg": {"precision": 0.07462308279720195, "recall": 0.058981233243967826, "f1-score": 0.06172664103017398, "support": 373}, "loss": 1.5621477365493774, "Acc": 0.058981233243967826}
{"0": {"precision": 0.0, "recall": 0.0, "f1-score": 0.0, "support": 84}, "1": {"precision": 0.6, "recall": 0.06741573033707865, "f1-score": 0.1212121212121212, "support": 89}, "2": {"precision": 0.8095238095238095, "recall": 0.9532710280373832, "f1-score": 0.8755364806866953, "support": 107}, "3": {"precision": 0.34051724137931033, "recall": 0.8494623655913979, "f1-score": 0.48615384615384616, "support": 93}, "micro avg": {"precision": 0.5013404825737265, "recall": 0.5013404825737265, "f1-score": 0.5013404825737265, "support": 373}, "macro avg": {"precision": 0.4375102627257799, "recall": 0.46753728099146497, "f1-score": 0.3707256120131657, "support": 373}, "weighted avg": {"precision": 0.4602872682770067, "recall": 0.5013404825737265, "f1-score": 0.4012938067390425, "support": 373}, "loss": 1.2417479753494263, "Acc": 0.5013404825737265}
{"0": {"precision": 0.0, "recall": 0.0, "f1-score": 0.0, "support": 84}, "1": {"precision": 0.5555555555555556, "recall": 0.056179775280898875, "f1-score": 0.1020408163265306, "support": 89}, "2": {"precision": 0.8064516129032258, "recall": 0.9345794392523364, "f1-score": 0.8658008658008658, "support": 107}, "3": {"precision": 0.33905579399141633, "recall": 0.8494623655913979, "f1-score": 0.48466257668711654, "support": 93}, "micro avg": {"precision": 0.4932975871313673, "recall": 0.4932975871313673, "f1-score": 0.4932975871313673, "support": 373}, "macro avg": {"precision": 0.4252657406125494, "recall": 0.46005539503115833, "f1-score": 0.36312606470362824, "support": 373}, "weighted avg": {"precision": 0.4484368789981001, "recall": 0.4932975871313673, "f1-score": 0.3935548121331252, "support": 373}, "loss": 1.2402690649032593, "Acc": 0.4932975871313673}
{"0": {"precision": 0.0, "recall": 0.0, "f1-score": 0.0, "support": 84}, "1": {"precision": 0.5555555555555556, "recall": 0.056179775280898875, "f1-score": 0.1020408163265306, "support": 89}, "2": {"precision": 0.8130081300813008, "recall": 0.9345794392523364, "f1-score": 0.8695652173913043, "support": 107}, "3": {"precision": 0.3418803418803419, "recall": 0.8602150537634409, "f1-score": 0.48929663608562696, "support": 93}, "micro avg": {"precision": 0.4959785522788204, "recall": 0.4959785522788204, "f1-score": 0.4959785522788204, "support": 373}, "macro avg": {"precision": 0.42761100687929954, "recall": 0.4627435670741691, "f1-score": 0.3652256674508655, "support": 373}, "weighted avg": {"precision": 0.4510219468043309, "recall": 0.4959785522788204, "f1-score": 0.39579007525440774, "support": 373}, "loss": 1.2391895055770874, "Acc": 0.4959785522788204}
{"0": {"precision": 0.0, "recall": 0.0, "f1-score": 0.0, "support": 84}, "1": {"precision": 0.7333333333333333, "recall": 0.12359550561797752, "f1-score": 0.21153846153846156, "support": 89}, "2": {"precision": 0.8064516129032258, "recall": 0.9345794392523364, "f1-score": 0.8658008658008658, "support": 107}, "3": {"precision": 0.34801762114537443, "recall": 0.8494623655913979, "f1-score": 0.49374999999999997, "support": 93}, "micro avg": {"precision": 0.5093833780160858, "recall": 0.5093833780160858, "f1-score": 0.5093833780160858, "support": 373}, "macro avg": {"precision": 0.47195064184548335, "recall": 0.4769093276154279, "f1-score": 0.39277233183483184, "support": 373}, "weighted avg": {"precision": 0.49309015553306074, "recall": 0.5093833780160858, "f1-score": 0.4219473611732325, "support": 373}, "loss": 1.2366527318954468, "Acc": 0.5093833780160858}
{"0": {"precision": 0.0, "recall": 0.0, "f1-score": 0.0, "support": 84}, "1": {"precision": 0.7142857142857143, "recall": 0.11235955056179775,