{"0": {"precision": 0.6625, "recall": 0.6309523809523809, "f1-score": 0.646341463414634, "support": 84}, "1": {"precision": 0.3961038961038961, "recall": 0.6853932584269663, "f1-score": 0.5020576131687243, "support": 89}, "2": {"precision": 0.6458333333333334, "recall": 0.2897196261682243, "f1-score": 0.39999999999999997, "support": 107}, "3": {"precision": 0.7032967032967034, "recall": 0.6881720430107527, "f1-score": 0.6956521739130436, "support": 93}, "micro avg": {"precision": 0.5603217158176944, "recall": 0.5603217158176944, "f1-score": 0.5603217158176944, "support": 373}, "macro avg": {"precision": 0.6019334831834833, "recall": 0.5735593271395811, "f1-score": 0.5610128126241004, "support": 373}, "weighted avg": {"precision": 0.6043270960496161, "recall": 0.5603217158176944, "f1-score": 0.5535427953693265, "support": 373}, "loss": 1.0954715013504028, "Acc": 0.5603217158176944}
{"0": {"precision": 0.6705882352941176, "recall": 0.6785714285714286, "f1-score": 0.6745562130177514, "support": 84}, "1": {"precision": 0.5, "recall": 0.6404494382022472, "f1-score": 0.5615763546798029, "support": 89}, "2": {"precision": 0.525, "recall": 0.3925233644859813, "f1-score": 0.44919786096256686, "support": 107}, "3": {"precision": 0.6702127659574468, "recall": 0.6774193548387096, "f1-score": 0.6737967914438502, "support": 93}, "micro avg": {"precision": 0.5871313672922251, "recall": 0.5871313672922251, "f1-score": 0.5871313672922251, "support": 373}, "macro avg": {"precision": 0.5914502503128911, "recall": 0.5972408965245917, "f1-score": 0.5897818050259929, "support": 373}, "weighted avg": {"precision": 0.5880273431601835, "recall": 0.5871313672922251, "f1-score": 0.5827621720838239, "support": 373}, "loss": 1.0171009302139282, "Acc": 0.5871313672922251}
{"0": {"precision": 0.717948717948718, "recall": 0.6666666666666666, "f1-score": 0.691358024691358, "support": 84}, "1": {"precision": 0.45038167938931295, "recall": 0.6629213483146067, "f1-score": 0.5363636363636363, "support": 89}, "2": {"precision": 0.5584415584415584, "recall": 0.40186915887850466, "f1-score": 0.467391304347826, "support": 107}, "3": {"precision": 0.6781609195402298, "recall": 0.6344086021505376, "f1-score": 0.6555555555555556, "support": 93}, "micro avg": {"precision": 0.5817694369973191, "recall": 0.5817694369973191, "f1-score": 0.5817694369973191, "support": 373}, "macro avg": {"precision": 0.6012332188299548, "recall": 0.5914664440025789, "f1-score": 0.5876671302395939, "support": 373}, "weighted avg": {"precision": 0.5984286167394887, "recall": 0.5817694369973191, "f1-score": 0.5812010025263318, "support": 373}, "loss": 1.0265297889709473, "Acc": 0.5817694369973191}
