{"0": {"precision": 0.4727272727272727, "recall": 0.6190476190476191, "f1-score": 0.5360824742268041, "support": 84}, "1": {"precision": 0.3643410852713178, "recall": 0.5280898876404494, "f1-score": 0.4311926605504587, "support": 89}, "2": {"precision": 0.7142857142857143, "recall": 0.04672897196261682, "f1-score": 0.08771929824561403, "support": 107}, "3": {"precision": 0.5669291338582677, "recall": 0.7741935483870968, "f1-score": 0.6545454545454544, "support": 93}, "micro avg": {"precision": 0.4718498659517426, "recall": 0.4718498659517426, "f1-score": 0.4718498659517426, "support": 373}, "macro avg": {"precision": 0.5295708015356431, "recall": 0.4920150067594455, "f1-score": 0.4273849718920828, "support": 373}, "weighted avg": {"precision": 0.5396472610606663, "recall": 0.4718498659517426, "f1-score": 0.4119725651717167, "support": 373}, "loss": 1.2197215557098389, "Acc": 0.4718498659517426}
{"0": {"precision": 0.4357142857142857, "recall": 0.7261904761904762, "f1-score": 0.5446428571428572, "support": 84}, "1": {"precision": 0.4051724137931034, "recall": 0.5280898876404494, "f1-score": 0.4585365853658536, "support": 89}, "2": {"precision": 0.3684210526315789, "recall": 0.06542056074766354, "f1-score": 0.11111111111111109, "support": 107}, "3": {"precision": 0.6326530612244898, "recall": 0.6666666666666666, "f1-score": 0.649214659685864, "support": 93}, "micro avg": {"precision": 0.4745308310991957, "recall": 0.4745308310991957, "f1-score": 0.4745308310991957, "support": 373}, "macro avg": {"precision": 0.4604902033408645, "recall": 0.49659189781131385, "f1-score": 0.44087630332642147, "support": 373}, "weighted avg": {"precision": 0.4582255553700877, "recall": 0.4745308310991957, "f1-score": 0.42580592047516147, "support": 373}, "loss": 1.1321510076522827, "Acc": 0.4745308310991957}
{"0": {"precision": 0.6086956521739131, "recall": 0.6666666666666666, "f1-score": 0.6363636363636365, "support": 84}, "1": {"precision": 0.4112903225806452, "recall": 0.5730337078651685, "f1-score": 0.47887323943661975, "support": 89}, "2": {"precision": 0.49019607843137253, "recall": 0.2336448598130841, "f1-score": 0.31645569620253167, "support": 107}, "3": {"precision": 0.6226415094339622, "recall": 0.7096774193548387, "f1-score": 0.663316582914573, "support": 93}, "micro avg": {"precision": 0.5308310991957105, "recall": 0.5308310991957105, "f1-score": 0.5308310991957105, "support": 373}, "macro avg": {"precision": 0.5332058906549733, "recall": 0.5457556634249394, "f1-score": 0.5237522887293402, "support": 373}, "weighted avg": {"precision": 0.5310775181281541, "recall": 0.5308310991957105, "f1-score": 0.513735832356919, "support": 373}, "loss": 1.0684093236923218, "Acc": 0.5308310991957105}
{"0": {"precision": 0.6923076923076923, "recall": 0.5357142857142857, "f1-score": 0.6040268456375838, "support": 84}, "1": {"precision": 0.4519230769230769, "recall": 0.5280898876404494, "f1-score": 0.48704663212435234, "support": 89}, "2": {"precision": 0.5, "recall": 0.45794392523364486, "f1-score": 0.4780487804878049, "support": 107}, "3": {"precision": 0.6320754716981132, "recall": 0.7204301075268817, "f1-score": 0.6733668341708542, "support": 93}, "micro avg": {"precision": 0.5576407506702413, "recall": 0.5576407506702413, "f1-score": 0.5576407506702413, "support": 373}, "macro avg": {"precision": 0.5690765602322205, "recall": 0.5605445515288154, "f1-score": 0.5606222731051488, "support": 373}, "weighted avg": {"precision": 0.5647668066164196, "recall": 0.5576407506702413, "f1-score": 0.5572647195246888, "support": 373}, "loss": 1.027620553970337, "Acc": 0.5576407506702413}
{"0": {"precision": 0.6962025316455697, "recall": 0.6547619047619048, "f1-score": 0.6748466257668712, "support": 84}, "1": {"precision": 0.46534653465346537, "recall": 0.5280898876404494, "f1-score": 0.49473684210526314, "support": 89}, "2": {"precision": 0.5353535353535354, "recall": 0.4953271028037383, "f1-score": 0.5145631067961165, "support": 107}, "3": {"precision": 0.6702127659574468, "recall": 0.6774193548387096, "f1-score": 0.6737967914438502, "support": 93}, "micro avg": {"precision": 0.5844504021447721, "recall": 0.5844504021447721, "f1-score": 0.5844504021447721, "support": 373}, "macro avg": {"precision": 0.5917788419025043, "recall": 0.5888995625112006, "f1-score": 0.5894858415280252, "support": 373}, "weighted avg": {"precision": 0.5884972379604748, "recall": 0.5844504021447721, "f1-score": 0.5856301596333731, "support": 373}, "loss": 1.0143053531646729, "Acc": 0.5844504021447721}
