{"0": {"precision": 0.5238095238095238, "recall": 0.6547619047619048, "f1-score": 0.582010582010582, "support": 84}, "1": {"precision": 0.35507246376811596, "recall": 0.550561797752809, "f1-score": 0.43171806167400884, "support": 89}, "2": {"precision": 0.5151515151515151, "recall": 0.1588785046728972, "f1-score": 0.24285714285714285, "support": 107}, "3": {"precision": 0.6185567010309279, "recall": 0.6451612903225806, "f1-score": 0.6315789473684211, "support": 93}, "micro avg": {"precision": 0.48525469168900803, "recall": 0.48525469168900803, "f1-score": 0.48525469168900803, "support": 373}, "macro avg": {"precision": 0.5031475509400207, "recall": 0.5023408743775479, "f1-score": 0.47204118347753876, "support": 373}, "weighted avg": {"precision": 0.5046874922049618, "recall": 0.48525469168900803, "f1-score": 0.46121810393794405, "support": 373}, "loss": 1.1515778303146362, "Acc": 0.48525469168900803}
{"0": {"precision": 0.7323943661971831, "recall": 0.6190476190476191, "f1-score": 0.6709677419354839, "support": 84}, "1": {"precision": 0.5, "recall": 0.5393258426966292, "f1-score": 0.518918918918919, "support": 89}, "2": {"precision": 0.5894736842105263, "recall": 0.5233644859813084, "f1-score": 0.5544554455445544, "support": 107}, "3": {"precision": 0.5765765765765766, "recall": 0.6881720430107527, "f1-score": 0.6274509803921569, "support": 93}, "micro avg": {"precision": 0.5898123324396782, "recall": 0.5898123324396782, "f1-score": 0.5898123324396782, "support": 373}, "macro avg": {"precision": 0.5996111567460715, "recall": 0.5924774976840774, "f1-score": 0.5929482716977785, "support": 373}, "weighted avg": {"precision": 0.5970949935461429, "recall": 0.5898123324396782, "f1-score": 0.5904148738769499, "support": 373}, "loss": 1.0265717506408691, "Acc": 0.5898123324396782}
{"0": {"precision": 0.7567567567567568, "recall": 0.6666666666666666, "f1-score": 0.7088607594936708, "support": 84}, "1": {"precision": 0.573170731707317, "recall": 0.5280898876404494, "f1-score": 0.5497076023391814, "support": 89}, "2": {"precision": 0.5596330275229358, "recall": 0.5700934579439252, "f1-score": 0.5648148148148148, "support": 107}, "3": {"precision": 0.6111111111111112, "recall": 0.7096774193548387, "f1-score": 0.6567164179104478, "support": 93}, "micro avg": {"precision": 0.6166219839142091, "recall": 0.6166219839142091, "f1-score": 0.6166219839142091, "support": 373}, "macro avg": {"precision": 0.6251679067745302, "recall": 0.61863185790147, "f1-score": 0.6200248986395287, "support": 373}, "weighted avg": {"precision": 0.620090696964628, "recall": 0.6166219839142091, "f1-score": 0.6165632505536524, "support": 373}, "loss": 0.9689851999282837, "Acc": 0.6166219839142091}
{"0": {"precision": 0.8235294117647058, "recall": 0.6666666666666666, "f1-score": 0.7368421052631577, "support": 84}, "1": {"precision": 0.5795454545454546, "recall": 0.5730337078651685, "f1-score": 0.5762711864406781, "support": 89}, "2": {"precision": 0.6185567010309279, "recall": 0.5607476635514018, "f1-score": 0.588235294117647, "support": 107}, "3": {"precision": 0.575, "recall": 0.7419354838709677, "f1-score": 0.6478873239436619, "support": 93}, "micro avg": {"precision": 0.6327077747989276, "recall": 0.6327077747989276, "f1-score": 0.6327077747989276, "support": 373}, "macro avg": {"precision": 0.6491578918352721, "recall": 0.6355958804885511, "f1-score": 0.6373089774412861, "support": 373}, "weighted avg": {"precision": 0.6445484800350939, "recall": 0.6327077747989276, "f1-score": 0.6337200268972504, "support": 373}, "loss": 0.9417357444763184, "Acc": 0.6327077747989276}
{"0": {"precision": 0.775, "recall": 0.7380952380952381, "f1-score": 0.7560975609756099, "support": 84}, "1": {"precision": 0.6049382716049383, "recall": 0.550561797752809, "f1-score": 0.5764705882352942, "support": 89}, "2": {"precision": 0.6086956521739131, "recall": 0.6542056074766355, "f1-score": 0.6306306306306307, "support": 107}, "3": {"precision": 0.6391752577319587, "recall": 0.6666666666666666, "f1-score": 0.6526315789473685, "support": 93}, "micro avg": {"precision": 0.6514745308310992, "recall": 0.6514745308310992, "f1-score": 0.6514745308310992, "support": 373}, "macro avg": {"precision": 0.6569522953777025, "recall": 0.6523823274978373, "f1-score": 0.6539575896972258, "support": 373}, "weighted avg": {"precision": 0.6528505091810197, "recall": 0.6514745308310992, "f1-score": 0.6514485034704428, "support": 373}, "loss": 0.9497752785682678, "Acc": 0.6514745308310992}
