{"0": {"precision": 0.9605263157894737, "recall": 0.8690476190476191, "f1-score": 0.9125000000000001, "support": 84}, "1": {"precision": 0.95, "recall": 0.8539325842696629, "f1-score": 0.8994082840236686, "support": 89}, "2": {"precision": 0.8095238095238095, "recall": 0.9532710280373832, "f1-score": 0.8755364806866953, "support": 107}, "3": {"precision": 0.9120879120879121, "recall": 0.8924731182795699, "f1-score": 0.9021739130434783, "support": 93}, "micro avg": {"precision": 0.8954423592493298, "recall": 0.8954423592493298, "f1-score": 0.8954423592493298, "support": 373}, "macro avg": {"precision": 0.9080345093502987, "recall": 0.8921810874085587, "f1-score": 0.8974046694384605, "support": 373}, "weighted avg": {"precision": 0.9026204664062715, "recall": 0.8954423592493298, "f1-score": 0.8961981625325104, "support": 373}, "loss": 0.34047362208366394, "Acc": 0.8954423592493298}
{"0": {"precision": 0.9850746268656716, "recall": 0.7857142857142857, "f1-score": 0.8741721854304635, "support": 84}, "1": {"precision": 0.9036144578313253, "recall": 0.8426966292134831, "f1-score": 0.8720930232558138, "support": 89}, "2": {"precision": 0.7194244604316546, "recall": 0.9345794392523364, "f1-score": 0.8130081300813007, "support": 107}, "3": {"precision": 0.8809523809523809, "recall": 0.7956989247311828, "f1-score": 0.8361581920903954, "support": 93}, "micro avg": {"precision": 0.8445040214477212, "recall": 0.8445040214477212, "f1-score": 0.8445040214477212, "support": 373}, "macro avg": {"precision": 0.8722664815202581, "recall": 0.839672319727822, "f1-score": 0.8488578827144934, "support": 373}, "weighted avg": {"precision": 0.8634716999958789, "recall": 0.8445040214477212, "f1-score": 0.8466523443137596, "support": 373}, "loss": 0.4979685842990875, "Acc": 0.8445040214477212}
{"0": {"precision": 0.9146341463414634, "recall": 0.8928571428571429, "f1-score": 0.9036144578313253, "support": 84}, "1": {"precision": 0.9204545454545454, "recall": 0.9101123595505618, "f1-score": 0.9152542372881356, "support": 89}, "2": {"precision": 0.90625, "recall": 0.8130841121495327, "f1-score": 0.8571428571428572, "support": 107}, "3": {"precision": 0.7850467289719626, "recall": 0.9032258064516129, "f1-score": 0.84, "support": 93}, "micro avg": {"precision": 0.8766756032171582, "recall": 0.8766756032171582, "f1-score": 0.8766756032171582, "support": 373}, "macro avg": {"precision": 0.8815963551919929, "recall": 0.8798198552522126, "f1-score": 0.8790028880655795, "support": 373}, "weighted avg": {"precision": 0.8813078247520911, "recall": 0.8766756032171582, "f1-score": 0.8771998050690646, "support": 373}, "loss": 0.48087191581726074, "Acc": 0.8766756032171582}
{"0": {"precision": 0.9850746268656716, "recall": 0.7857142857142857, "f1-score": 0.8741721854304635, "support": 84}, "1": {"precision": 0.9696969696969697, "recall": 0.7191011235955056, "f1-score": 0.8258064516129031, "support": 89}, "2": {"precision": 0.7536231884057971, "recall": 0.9719626168224299, "f1-score": 0.8489795918367347, "support": 107}, "3": {"precision": 0.7745098039215687, "recall": 0.8494623655913979, "f1-score": 0.8102564102564103, "support": 93}, "micro avg": {"precision": 0.839142091152815, "recall": 0.839142091152815, "f1-score": 0.839142091152815, "support": 373}, "macro avg": {"precision": 0.8707261472225017, "recall": 0.8315600979309048, "f1-score": 0.8398036597841279, "support": 373}, "weighted avg": {"precision": 0.8625104340050213, "recall": 0.839142091152815, "f1-score": 0.8394689014747563, "support": 373}, "loss": 0.6809464693069458, "Acc": 0.839142091152815}
{"0": {"precision": 0.9577464788732394, "recall": 0.8095238095238095, "f1-score": 0.8774193548387098, "support": 84}, "1": {"precision": 0.8987341772151899, "recall": 0.797752808988764, "f1-score": 0.8452380952380952, "support": 89}, "2": {"precision": 0.746268656716418, "recall": 0.9345794392523364, "f1-score": 0.8298755186721992, "support": 107}, "3": {"precision": 0.8876404494382022, "recall": 0.8494623655913979, "f1-score": 0.8681318681318682, "support": 93}, "micro avg": {"precision": 0.8525469168900804, "recall": 0.8525469168900804, "f1-score": 0.8525469168900803, "support": 373}, "macro avg": {"precision": 0.8725974405607624, "recall": 0.847829605839077, "f1-score": 0.8551662092202181, "support": 373}, "weighted avg": {"precision": 0.8655210564716181, "recall": 0.8525469168900804, "f1-score": 0.8537864893212631, "support": 373}, "loss": 0.596239447593689, "Acc": 0.8525469168900804}
