{"0": {"precision": 0.4457831325301205, "recall": 0.44047619047619047, "f1-score": 0.4431137724550898, "support": 84}, "1": {"precision": 0.3888888888888889, "recall": 0.23595505617977527, "f1-score": 0.29370629370629375, "support": 89}, "2": {"precision": 0.5978260869565217, "recall": 0.514018691588785, "f1-score": 0.5527638190954773, "support": 107}, "3": {"precision": 0.5277777777777778, "recall": 0.8172043010752689, "f1-score": 0.6413502109704642, "support": 93}, "micro avg": {"precision": 0.5067024128686327, "recall": 0.5067024128686327, "f1-score": 0.5067024128686327, "support": 373}, "macro avg": {"precision": 0.4900689715383272, "recall": 0.501913559830005, "f1-score": 0.48273352405683123, "support": 373}, "weighted avg": {"precision": 0.4962670747488536, "recall": 0.5067024128686327, "f1-score": 0.4883450812052465, "support": 373}, "loss": 1.1783349514007568, "Acc": 0.5067024128686327}
{"0": {"precision": 0.44565217391304346, "recall": 0.4880952380952381, "f1-score": 0.4659090909090909, "support": 84}, "1": {"precision": 0.3333333333333333, "recall": 0.21348314606741572, "f1-score": 0.2602739726027397, "support": 89}, "2": {"precision": 0.6103896103896104, "recall": 0.4392523364485981, "f1-score": 0.5108695652173914, "support": 107}, "3": {"precision": 0.5306122448979592, "recall": 0.8387096774193549, "f1-score": 0.65, "support": 93}, "micro avg": {"precision": 0.4959785522788204, "recall": 0.4959785522788204, "f1-score": 0.4959785522788204, "support": 373}, "macro avg": {"precision": 0.4799968406334866, "recall": 0.4948850995076517, "f1-score": 0.47176315718230544, "support": 373}, "weighted avg": {"precision": 0.4872924299264366, "recall": 0.4959785522788204, "f1-score": 0.4756401894806122, "support": 373}, "loss": 1.1647394895553589, "Acc": 0.4959785522788204}
{"0": {"precision": 0.45054945054945056, "recall": 0.4880952380952381, "f1-score": 0.4685714285714285, "support": 84}, "1": {"precision": 0.36, "recall": 0.20224719101123595, "f1-score": 0.25899280575539574, "support": 89}, "2": {"precision": 0.625, "recall": 0.514018691588785, "f1-score": 0.5641025641025641, "support": 107}, "3": {"precision": 0.5347222222222222, "recall": 0.8279569892473119, "f1-score": 0.6497890295358649, "support": 93}, "micro avg": {"precision": 0.5120643431635389, "recall": 0.5120643431635389, "f1-score": 0.5120643431635389, "support": 373}, "macro avg": {"precision": 0.49256791819291823, "recall": 0.5080795274856428, "f1-score": 0.4853639569913133, "support": 373}, "weighted avg": {"precision": 0.4999740496322265, "recall": 0.5120643431635389, "f1-score": 0.49115204776954424, "support": 373}, "loss": 1.1489428281784058, "Acc": 0.5120643431635389}
{"0": {"precision": 0.47058823529411764, "recall": 0.47619047619047616, "f1-score": 0.47337278106508873, "support": 84}, "1": {"precision": 0.34545454545454546, "recall": 0.21348314606741572, "f1-score": 0.2638888888888889, "support": 89}, "2": {"precision": 0.6292134831460674, "recall": 0.5233644859813084, "f1-score": 0.5714285714285714, "support": 107}, "3": {"precision": 0.5277777777777778, "recall": 0.8172043010752689, "f1-score": 0.6413502109704642, "support": 93}, "micro avg": {"precision": 0.5120643431635389, "recall": 0.5120643431635389, "f1-score": 0.5120643431635389, "support": 373}, "macro avg": {"precision": 0.49325851041812707, "recall": 0.5075606023286173, "f1-score": 0.4875101130882533, "support": 373}, "weighted avg": {"precision": 0.5004934110995255, "recall": 0.5120643431635389, "f1-score": 0.4933990656399166, "support": 373}, "loss": 1.1426283121109009, "Acc": 0.5120643431635389}
{"0": {"precision": 0.45652173913043476, "recall": 0.5, "f1-score": 0.47727272727272724, "support": 84}, "1": {"precision": 0.3103448275862069, "recall": 0.20224719101123595, "f1-score": 0.24489795918367344, "support": 89}, "2": {"precision": 0.6463414634146342, "recall": 0.4953271028037383, "f1-score": 0.5608465608465608, "support": 107}, "3": {"precision": 0.524822695035461, "recall": 0.7956989247311828, "f1-score": 0.6324786324786326, "support": 93}, "micro avg": {"precision": 0.5013404825737265, "recall": 0.5013404825737265, "f1-score": 0.5013404825737265, "support": 373}, "macro avg": {"precision": 0.4845076812916842, "recall": 0.49831830463653926, "f1-score": 0.47887396994539855, "support": 373}, "weighted avg": {"precision": 0.49312483368845206, "recall": 0.5013404825737265, "f1-score": 0.48449845117788426, "support": 373}, "loss": 1.1378668546676636, "Acc": 0.5013404825737265}
