{"0": {"precision": 0.3979591836734694, "recall": 0.4642857142857143, "f1-score": 0.4285714285714286, "support": 84}, "1": {"precision": 0.2608695652173913, "recall": 0.06741573033707865, "f1-score": 0.10714285714285714, "support": 89}, "2": {"precision": 0.5648148148148148, "recall": 0.5700934579439252, "f1-score": 0.5674418604651164, "support": 107}, "3": {"precision": 0.5138888888888888, "recall": 0.7956989247311828, "f1-score": 0.6244725738396624, "support": 93}, "micro avg": {"precision": 0.48257372654155495, "recall": 0.48257372654155495, "f1-score": 0.48257372654155495, "support": 373}, "macro avg": {"precision": 0.4343831131486411, "recall": 0.47437345682447524, "f1-score": 0.43190718000476613, "support": 373}, "weighted avg": {"precision": 0.4420182696642657, "recall": 0.48257372654155495, "f1-score": 0.44055748719187765, "support": 373}, "loss": 1.1757831573486328, "Acc": 0.48257372654155495}
{"0": {"precision": 0.39436619718309857, "recall": 0.3333333333333333, "f1-score": 0.36129032258064514, "support": 84}, "1": {"precision": 0.2702702702702703, "recall": 0.11235955056179775, "f1-score": 0.15873015873015872, "support": 89}, "2": {"precision": 0.5652173913043478, "recall": 0.6074766355140186, "f1-score": 0.5855855855855855, "support": 107}, "3": {"precision": 0.52, "recall": 0.8387096774193549, "f1-score": 0.6419753086419753, "support": 93}, "micro avg": {"precision": 0.48525469168900803, "recall": 0.48525469168900803, "f1-score": 0.48525469168900803, "support": 373}, "macro avg": {"precision": 0.4374634646894292, "recall": 0.4729697992071261, "f1-score": 0.4368953438845911, "support": 373}, "weighted avg": {"precision": 0.4450913551930283, "recall": 0.48525469168900803, "f1-score": 0.4472834653756559, "support": 373}, "loss": 1.149498462677002, "Acc": 0.48525469168900803}
{"0": {"precision": 0.3835616438356164, "recall": 0.3333333333333333, "f1-score": 0.356687898089172, "support": 84}, "1": {"precision": 0.26666666666666666, "recall": 0.1348314606741573, "f1-score": 0.1791044776119403, "support": 89}, "2": {"precision": 0.5769230769230769, "recall": 0.5607476635514018, "f1-score": 0.5687203791469194, "support": 107}, "3": {"precision": 0.5165562913907285, "recall": 0.8387096774193549, "f1-score": 0.6393442622950819, "support": 93}, "micro avg": {"precision": 0.4772117962466488, "recall": 0.4772117962466488, "f1-score": 0.4772117962466488, "support": 373}, "macro avg": {"precision": 0.4359269197040221, "recall": 0.4669055337445618, "f1-score": 0.43596425428577845, "support": 373}, "weighted avg": {"precision": 0.44429762934485817, "recall": 0.4772117962466488, "f1-score": 0.44561442066787166, "support": 373}, "loss": 1.1454524993896484, "Acc": 0.4772117962466488}
{"0": {"precision": 0.3835616438356164, "recall": 0.3333333333333333, "f1-score": 0.356687898089172, "support": 84}, "1": {"precision": 0.3125, "recall": 0.16853932584269662, "f1-score": 0.21897810218978103, "support": 89}, "2": {"precision": 0.5648148148148148, "recall": 0.5700934579439252, "f1-score": 0.5674418604651164, "support": 107}, "3": {"precision": 0.5347222222222222, "recall": 0.8279569892473119, "f1-score": 0.6497890295358649, "support": 93}, "micro avg": {"precision": 0.48525469168900803, "recall": 0.48525469168900803, "f1-score": 0.48525469168900803, "support": 373}, "macro avg": {"precision": 0.44889967021816335, "recall": 0.4749807765918168, "f1-score": 0.4482242225699836, "support": 373}, "weighted avg": {"precision": 0.4562896244880526, "recall": 0.48525469168900803, "f1-score": 0.45736593391684677, "support": 373}, "loss": 1.136880874633789, "Acc": 0.48525469168900803}
{"0": {"precision": 0.3918918918918919, "recall": 0.34523809523809523, "f1-score": 0.3670886075949367, "support": 84}, "1": {"precision": 0.30612244897959184, "recall": 0.16853932584269662, "f1-score": 0.2173913043478261, "support": 89}, "2": {"precision": 0.5596330275229358, "recall": 0.5700934579439252, "f1-score": 0.5648148148148148, "support": 107}, "3": {"precision": 0.5390070921985816, "recall": 0.8172043010752689, "f1-score": 0.6495726495726496, "support": 93}, "micro avg": {"precision": 0.48525469168900803, "recall": 0.48525469168900803, "f1-score": 0.48525469168900803, "support": 373}, "macro avg": {"precision": 0.4491636151482502, "recall": 0.4752687950249965, "f1-score": 0.44971684408255674, "support": 373}, "weighted avg": {"precision": 0.45622576514081714, "recall": 0.48525469168900803, "f1-score": 0.45852201265515496, "support": 373}, "loss": 1.1274529695510864, "Acc": 0.48525469168900803}
