{"0": {"precision": 0.4578313253012048, "recall": 0.4523809523809524, "f1-score": 0.4550898203592814, "support": 84}, "1": {"precision": 0.3877551020408163, "recall": 0.21348314606741572, "f1-score": 0.2753623188405797, "support": 89}, "2": {"precision": 0.5272727272727272, "recall": 0.5420560747663551, "f1-score": 0.5345622119815668, "support": 107}, "3": {"precision": 0.5419847328244275, "recall": 0.7634408602150538, "f1-score": 0.6339285714285715, "support": 93}, "micro avg": {"precision": 0.49865951742627346, "recall": 0.49865951742627346, "f1-score": 0.49865951742627346, "support": 373}, "macro avg": {"precision": 0.47871097185979394, "recall": 0.4928402583574442, "f1-score": 0.47473573065249985, "support": 373}, "weighted avg": {"precision": 0.4820128616026473, "recall": 0.49865951742627346, "f1-score": 0.47959331129189287, "support": 373}, "loss": 1.169897437095642, "Acc": 0.49865951742627346}
{"0": {"precision": 0.5068493150684932, "recall": 0.44047619047619047, "f1-score": 0.4713375796178344, "support": 84}, "1": {"precision": 0.3617021276595745, "recall": 0.19101123595505617, "f1-score": 0.25, "support": 89}, "2": {"precision": 0.5370370370370371, "recall": 0.5420560747663551, "f1-score": 0.5395348837209303, "support": 107}, "3": {"precision": 0.5310344827586206, "recall": 0.8279569892473119, "f1-score": 0.6470588235294117, "support": 93}, "micro avg": {"precision": 0.5067024128686327, "recall": 0.5067024128686327, "f1-score": 0.5067024128686327, "support": 373}, "macro avg": {"precision": 0.48415574063093136, "recall": 0.5003751226112284, "f1-score": 0.4769828217170441, "support": 373}, "weighted avg": {"precision": 0.4869061707425476, "recall": 0.5067024128686327, "f1-score": 0.48190096470314464, "support": 373}, "loss": 1.14763605594635, "Acc": 0.5067024128686327}
{"0": {"precision": 0.449438202247191, "recall": 0.47619047619047616, "f1-score": 0.4624277456647398, "support": 84}, "1": {"precision": 0.35555555555555557, "recall": 0.1797752808988764, "f1-score": 0.2388059701492537, "support": 89}, "2": {"precision": 0.5327102803738317, "recall": 0.5327102803738317, "f1-score": 0.5327102803738317, "support": 107}, "3": {"precision": 0.5681818181818182, "recall": 0.8064516129032258, "f1-score": 0.6666666666666667, "support": 93}, "micro avg": {"precision": 0.5040214477211796, "recall": 0.5040214477211796, "f1-score": 0.5040214477211796, "support": 373}, "macro avg": {"precision": 0.4764714640895992, "recall": 0.4987819125916025, "f1-score": 0.47515266571362297, "support": 373}, "weighted avg": {"precision": 0.48053126682069053, "recall": 0.5040214477211796, "f1-score": 0.4801545897563585, "support": 373}, "loss": 1.1325230598449707, "Acc": 0.5040214477211796}
{"0": {"precision": 0.4606741573033708, "recall": 0.4880952380952381, "f1-score": 0.47398843930635837, "support": 84}, "1": {"precision": 0.32142857142857145, "recall": 0.20224719101123595, "f1-score": 0.2482758620689655, "support": 89}, "2": {"precision": 0.5789473684210527, "recall": 0.514018691588785, "f1-score": 0.5445544554455445, "support": 107}, "3": {"precision": 0.556390977443609, "recall": 0.7956989247311828, "f1-score": 0.6548672566371682, "support": 93}, "micro avg": {"precision": 0.5040214477211796, "recall": 0.5040214477211796, "f1-score": 0.5040214477211796, "support": 373}, "macro avg": {"precision": 0.47936026864915093, "recall": 0.5000150113566104, "f1-score": 0.4804215033645092, "support": 373}, "weighted avg": {"precision": 0.48524263108293375, "recall": 0.5040214477211796, "f1-score": 0.48547335717373175, "support": 373}, "loss": 1.125328540802002, "Acc": 0.5040214477211796}
{"0": {"precision": 0.46511627906976744, "recall": 0.47619047619047616, "f1-score": 0.4705882352941176, "support": 84}, "1": {"precision": 0.35185185185185186, "recall": 0.21348314606741572, "f1-score": 0.26573426573426573, "support": 89}, "2": {"precision": 0.5865384615384616, "recall": 0.5700934579439252, "f1-score": 0.5781990521327014, "support": 107}, "3": {"precision": 0.5581395348837209, "recall": 0.7741935483870968, "f1-score": 0.6486486486486487, "support": 93}, "micro avg": {"precision": 0.514745308310992, "recall": 0.514745308310992, "f1-score": 0.514745308310992, "support": 373}, "macro avg": {"precision": 0.49041153183595043, "recall": 0.5084901571472284, "f1-score": 0.49079255045243336, "support": 373}, "weighted avg": {"precision": 0.49611574902272576, "recall": 0.514745308310992, "f1-score": 0.4969742206905601, "support": 373}, "loss": 1.1144802570343018, "Acc": 0.514745308310992}
