{"0": {"precision": 0.3614457831325301, "recall": 0.35714285714285715, "f1-score": 0.3592814371257485, "support": 84}, "1": {"precision": 0.35555555555555557, "recall": 0.1797752808988764, "f1-score": 0.2388059701492537, "support": 89}, "2": {"precision": 0.5567010309278351, "recall": 0.5046728971962616, "f1-score": 0.5294117647058824, "support": 107}, "3": {"precision": 0.5, "recall": 0.7956989247311828, "f1-score": 0.6141078838174274, "support": 93}, "micro avg": {"precision": 0.46648793565683644, "recall": 0.46648793565683644, "f1-score": 0.46648793565683644, "support": 373}, "macro avg": {"precision": 0.44342559240398016, "recall": 0.45932248999229447, "f1-score": 0.43540176394957797, "support": 373}, "weighted avg": {"precision": 0.45059758857065774, "recall": 0.46648793565683644, "f1-score": 0.4428752388214387, "support": 373}, "loss": 1.189715027809143, "Acc": 0.46648793565683644}
{"0": {"precision": 0.4090909090909091, "recall": 0.42857142857142855, "f1-score": 0.4186046511627907, "support": 84}, "1": {"precision": 0.32727272727272727, "recall": 0.20224719101123595, "f1-score": 0.25, "support": 89}, "2": {"precision": 0.5842696629213483, "recall": 0.48598130841121495, "f1-score": 0.5306122448979592, "support": 107}, "3": {"precision": 0.5390070921985816, "recall": 0.8172043010752689, "f1-score": 0.6495726495726496, "support": 93}, "micro avg": {"precision": 0.4879356568364611, "recall": 0.4879356568364611, "f1-score": 0.48793565683646106, "support": 373}, "macro avg": {"precision": 0.46491009787089155, "recall": 0.4835010572672871, "f1-score": 0.46219738640834984, "support": 373}, "weighted avg": {"precision": 0.4722129292170548, "recall": 0.4879356568364611, "f1-score": 0.4680926469490951, "support": 373}, "loss": 1.1612921953201294, "Acc": 0.4879356568364611}
{"0": {"precision": 0.4069767441860465, "recall": 0.4166666666666667, "f1-score": 0.4117647058823529, "support": 84}, "1": {"precision": 0.39622641509433965, "recall": 0.23595505617977527, "f1-score": 0.29577464788732394, "support": 89}, "2": {"precision": 0.5729166666666666, "recall": 0.514018691588785, "f1-score": 0.541871921182266, "support": 107}, "3": {"precision": 0.5362318840579711, "recall": 0.7956989247311828, "f1-score": 0.6406926406926408, "support": 93}, "micro avg": {"precision": 0.4959785522788204, "recall": 0.4959785522788204, "f1-score": 0.4959785522788204, "support": 373}, "macro avg": {"precision": 0.47808792750125595, "recall": 0.4905848347916024, "f1-score": 0.4725259789111459, "support": 373}, "weighted avg": {"precision": 0.48424087401005034, "recall": 0.4959785522788204, "f1-score": 0.47849032200270114, "support": 373}, "loss": 1.1509350538253784, "Acc": 0.4959785522788204}
{"0": {"precision": 0.3978494623655914, "recall": 0.44047619047619047, "f1-score": 0.4180790960451977, "support": 84}, "1": {"precision": 0.3125, "recall": 0.2247191011235955, "f1-score": 0.26143790849673204, "support": 89}, "2": {"precision": 0.6125, "recall": 0.45794392523364486, "f1-score": 0.5240641711229946, "support": 107}, "3": {"precision": 0.5514705882352942, "recall": 0.8064516129032258, "f1-score": 0.6550218340611355, "support": 93}, "micro avg": {"precision": 0.48525469168900803, "recall": 0.48525469168900803, "f1-score": 0.48525469168900803, "support": 373}, "macro avg": {"precision": 0.46858001265022137, "recall": 0.48239770743416416, "f1-score": 0.464650752431515, "support": 373}, "weighted avg": {"precision": 0.477362250789791, "recall": 0.48525469168900803, "f1-score": 0.4701836857958493, "support": 373}, "loss": 1.145498275756836, "Acc": 0.48525469168900803}
{"0": {"precision": 0.41935483870967744, "recall": 0.4642857142857143, "f1-score": 0.44067796610169496, "support": 84}, "1": {"precision": 0.328125, "recall": 0.23595505617977527, "f1-score": 0.2745098039215686, "support": 89}, "2": {"precision": 0.620253164556962, "recall": 0.45794392523364486, "f1-score": 0.5268817204301076, "support": 107}, "3": {"precision": 0.5620437956204379, "recall": 0.8279569892473119, "f1-score": 0.6695652173913044, "support": 93}, "micro avg": {"precision": 0.49865951742627346, "recall": 0.49865951742627346, "f1-score": 0.49865951742627346, "support": 373}, "macro avg": {"precision": 0.48244419972176933, "recall": 0.49653542123661154, "f1-score": 0.4779086769611689, "support": 373}, "weighted avg": {"precision": 0.49079381515256987, "recall": 0.49865951742627346, "f1-score": 0.48282635658170187, "support": 373}, "loss": 1.1396403312683105, "Acc": 0.49865951742627346}
