{"0": {"precision": 0.9047619047619048, "recall": 0.9047619047619048, "f1-score": 0.9047619047619048, "support": 84}, "1": {"precision": 0.9204545454545454, "recall": 0.9101123595505618, "f1-score": 0.9152542372881356, "support": 89}, "2": {"precision": 0.9074074074074074, "recall": 0.9158878504672897, "f1-score": 0.9116279069767442, "support": 107}, "3": {"precision": 0.9139784946236559, "recall": 0.9139784946236559, "f1-score": 0.9139784946236559, "support": 93}, "micro avg": {"precision": 0.9115281501340483, "recall": 0.9115281501340483, "f1-score": 0.9115281501340483, "support": 373}, "macro avg": {"precision": 0.9116505880618784, "recall": 0.9111851523508531, "f1-score": 0.9114056359126101, "support": 373}, "weighted avg": {"precision": 0.9115631290564268, "recall": 0.9115281501340483, "f1-score": 0.9115330111666372, "support": 373}, "loss": 0.3066214323043823, "Acc": 0.9115281501340483}
{"0": {"precision": 0.9620253164556962, "recall": 0.9047619047619048, "f1-score": 0.9325153374233128, "support": 84}, "1": {"precision": 0.8541666666666666, "recall": 0.9213483146067416, "f1-score": 0.8864864864864865, "support": 89}, "2": {"precision": 0.9052631578947369, "recall": 0.8037383177570093, "f1-score": 0.8514851485148515, "support": 107}, "3": {"precision": 0.8446601941747572, "recall": 0.9354838709677419, "f1-score": 0.8877551020408163, "support": 93}, "micro avg": {"precision": 0.8873994638069705, "recall": 0.8873994638069705, "f1-score": 0.8873994638069705, "support": 373}, "macro avg": {"precision": 0.8915288337979643, "recall": 0.8913331020233494, "f1-score": 0.8895605186163669, "support": 373}, "weighted avg": {"precision": 0.8907440103715846, "recall": 0.8873994638069705, "f1-score": 0.8871279383960874, "support": 373}, "loss": 0.3801709711551666, "Acc": 0.8873994638069705}
{"0": {"precision": 0.9615384615384616, "recall": 0.8928571428571429, "f1-score": 0.9259259259259259, "support": 84}, "1": {"precision": 0.9135802469135802, "recall": 0.8314606741573034, "f1-score": 0.8705882352941177, "support": 89}, "2": {"precision": 0.8910891089108911, "recall": 0.8411214953271028, "f1-score": 0.8653846153846154, "support": 107}, "3": {"precision": 0.7522123893805309, "recall": 0.9139784946236559, "f1-score": 0.8252427184466019, "support": 93}, "micro avg": {"precision": 0.868632707774799, "recall": 0.868632707774799, "f1-score": 0.868632707774799, "support": 373}, "macro avg": {"precision": 0.879605051685866, "recall": 0.8698544517413013, "f1-score": 0.8717853737628153, "support": 373}, "weighted avg": {"precision": 0.8776947978830941, "recall": 0.868632707774799, "f1-score": 0.8702516283663327, "support": 373}, "loss": 0.45098385214805603, "Acc": 0.868632707774799}
{"0": {"precision": 0.9285714285714286, "recall": 0.9285714285714286, "f1-score": 0.9285714285714286, "support": 84}, "1": {"precision": 0.8282828282828283, "recall": 0.9213483146067416, "f1-score": 0.8723404255319148, "support": 89}, "2": {"precision": 0.9175257731958762, "recall": 0.8317757009345794, "f1-score": 0.872549019607843, "support": 107}, "3": {"precision": 0.8924731182795699, "recall": 0.8924731182795699, "f1-score": 0.8924731182795699, "support": 93}, "micro avg": {"precision": 0.8900804289544236, "recall": 0.8900804289544236, "f1-score": 0.8900804289544236, "support": 373}, "macro avg": {"precision": 0.8917132870824258, "recall": 0.8935421405980799, "f1-score": 0.8914834979976891, "support": 373}, "weighted avg": {"precision": 0.8924730012041031, "recall": 0.8900804289544236, "f1-score": 0.8900832251216612, "support": 373}, "loss": 0.4085761308670044, "Acc": 0.8900804289544236}
{"0": {"precision": 0.9512195121951219, "recall": 0.9285714285714286, "f1-score": 0.9397590361445782, "support": 84}, "1": {"precision": 0.8777777777777778, "recall": 0.8876404494382022, "f1-score": 0.88268156424581, "support": 89}, "2": {"precision": 0.88, "recall": 0.822429906542056, "f1-score": 0.8502415458937198, "support": 107}, "3": {"precision": 0.8316831683168316, "recall": 0.9032258064516129, "f1-score": 0.8659793814432989, "support": 93}, "micro avg": {"precision": 0.8820375335120644, "recall": 0.8820375335120644, "f1-score": 0.8820375335120644, "support": 373}, "macro avg": {"precision": 0.8851701145724328, "recall": 0.885466897750825, "f1-score": 0.8846653819318518, "support": 373}, "weighted avg": {"precision": 0.883461651206643, "recall": 0.8820375335120644, "f1-score": 0.8820652711498029, "support": 373}, "loss": 0.4407218396663666, "Acc": 0.8820375335120644}
