{"0": {"precision": 0.37714285714285717, "recall": 0.7096774193548387, "f1-score": 0.49253731343283585, "support": 93}, "1": {"precision": 0.2857142857142857, "recall": 0.21428571428571427, "f1-score": 0.24489795918367344, "support": 84}, "2": {"precision": 0.6219512195121951, "recall": 0.49038461538461536, "f1-score": 0.5483870967741936, "support": 104}, "3": {"precision": 0.5471698113207547, "recall": 0.31521739130434784, "f1-score": 0.4, "support": 92}, "micro avg": {"precision": 0.43967828418230565, "recall": 0.43967828418230565, "f1-score": 0.43967828418230565, "support": 373}, "macro avg": {"precision": 0.4579945434225232, "recall": 0.43239128508237906, "f1-score": 0.4214555923476757, "support": 373}, "weighted avg": {"precision": 0.4667475474130387, "recall": 0.43967828418230565, "f1-score": 0.42951650612653736, "support": 373}, "loss": 1.2528573274612427, "Acc": 0.43967828418230565}
{"0": {"precision": 0.5222222222222223, "recall": 0.5053763440860215, "f1-score": 0.5136612021857925, "support": 93}, "1": {"precision": 0.3053435114503817, "recall": 0.47619047619047616, "f1-score": 0.37209302325581395, "support": 84}, "2": {"precision": 0.5760869565217391, "recall": 0.5096153846153846, "f1-score": 0.5408163265306122, "support": 104}, "3": {"precision": 0.6833333333333333, "recall": 0.44565217391304346, "f1-score": 0.5394736842105263, "support": 92}, "micro avg": {"precision": 0.48525469168900803, "recall": 0.48525469168900803, "f1-score": 0.48525469168900803, "support": 373}, "macro avg": {"precision": 0.5217465058819191, "recall": 0.48420859470123145, "f1-score": 0.4915110590456862, "support": 373}, "weighted avg": {"precision": 0.528137350598998, "recall": 0.48525469168900803, "f1-score": 0.49571791598745085, "support": 373}, "loss": 1.2007155418395996, "Acc": 0.48525469168900803}
{"0": {"precision": 0.49523809523809526, "recall": 0.5591397849462365, "f1-score": 0.5252525252525252, "support": 93}, "1": {"precision": 0.2905982905982906, "recall": 0.40476190476190477, "f1-score": 0.33830845771144286, "support": 84}, "2": {"precision": 0.5632183908045977, "recall": 0.47115384615384615, "f1-score": 0.5130890052356021, "support": 104}, "3": {"precision": 0.703125, "recall": 0.4891304347826087, "f1-score": 0.576923076923077, "support": 92}, "micro avg": {"precision": 0.48257372654155495, "recall": 0.48257372654155495, "f1-score": 0.48257372654155495, "support": 373}, "macro avg": {"precision": 0.5130449441602459, "recall": 0.481046492661149, "f1-score": 0.4883932662806618, "support": 373}, "weighted avg": {"precision": 0.5193823375632103, "recall": 0.48257372654155495, "f1-score": 0.4925055627819617, "support": 373}, "loss": 1.1877659559249878, "Acc": 0.48257372654155495}
{"0": {"precision": 0.4878048780487805, "recall": 0.43010752688172044, "f1-score": 0.45714285714285713, "support": 93}, "1": {"precision": 0.2867647058823529, "recall": 0.4642857142857143, "f1-score": 0.35454545454545455, "support": 84}, "2": {"precision": 0.5094339622641509, "recall": 0.5192307692307693, "f1-score": 0.5142857142857143, "support": 104}, "3": {"precision": 0.673469387755102, "recall": 0.358695652173913, "f1-score": 0.46808510638297873, "support": 92}, "micro avg": {"precision": 0.4450402144772118, "recall": 0.4450402144772118, "f1-score": 0.4450402144772118, "support": 373}, "macro avg": {"precision": 0.4893682334875966, "recall": 0.4430799156430293, "f1-score": 0.4485147830892512, "support": 373}, "weighted avg": {"precision": 0.49435497239033593, "recall": 0.4450402144772118, "f1-score": 0.4526692975041614, "support": 373}, "loss": 1.2149921655654907, "Acc": 0.4450402144772118}
{"0": {"precision": 0.4819277108433735, "recall": 0.43010752688172044, "f1-score": 0.4545454545454545, "support": 93}, "1": {"precision": 0.2857142857142857, "recall": 0.47619047619047616, "f1-score": 0.3571428571428571, "support": 84}, "2": {"precision": 0.5294117647058824, "recall": 0.5192307692307693, "f1-score": 0.5242718446601942, "support": 104}, "3": {"precision": 0.7291666666666666, "recall": 0.3804347826086957, "f1-score": 0.5, "support": 92}, "micro avg": {"precision": 0.45308310991957107, "recall": 0.45308310991957107, "f1-score": 0.45308310991957107, "support": 373}, "macro avg": {"precision": 0.506555106982552, "recall": 0.45149088872791543, "f1-score": 0.45899003908712643, "support": 373}, "weighted avg": {"precision": 0.5119609489843937, "recall": 0.45308310991957107, "f1-score": 0.4632627322181969, "support": 373}, "loss": 1.204305648803711, "Acc": 0.45308310991957107}
