{"0": {"precision": 0.36813186813186816, "recall": 0.7204301075268817, "f1-score": 0.48727272727272736, "support": 93}, "1": {"precision": 0.29850746268656714, "recall": 0.23809523809523808, "f1-score": 0.2649006622516556, "support": 84}, "2": {"precision": 0.6451612903225806, "recall": 0.38461538461538464, "f1-score": 0.4819277108433735, "support": 104}, "3": {"precision": 0.5645161290322581, "recall": 0.3804347826086957, "f1-score": 0.4545454545454546, "support": 92}, "micro avg": {"precision": 0.4343163538873995, "recall": 0.4343163538873995, "f1-score": 0.4343163538873995, "support": 373}, "macro avg": {"precision": 0.46907918754331845, "recall": 0.43089387821155, "f1-score": 0.42216163872830276, "support": 373}, "weighted avg": {"precision": 0.4781317658618003, "recall": 0.4343163538873995, "f1-score": 0.4276318579393978, "support": 373}, "loss": 1.2623999118804932, "Acc": 0.4343163538873995}
{"0": {"precision": 0.43859649122807015, "recall": 0.5376344086021505, "f1-score": 0.4830917874396135, "support": 93}, "1": {"precision": 0.29906542056074764, "recall": 0.38095238095238093, "f1-score": 0.3350785340314136, "support": 84}, "2": {"precision": 0.57, "recall": 0.5480769230769231, "f1-score": 0.5588235294117646, "support": 104}, "3": {"precision": 0.75, "recall": 0.42391304347826086, "f1-score": 0.5416666666666667, "support": 92}, "micro avg": {"precision": 0.4772117962466488, "recall": 0.4772117962466488, "f1-score": 0.4772117962466488, "support": 373}, "macro avg": {"precision": 0.5144154779472044, "recall": 0.4726441890274289, "f1-score": 0.4796651293873646, "support": 373}, "weighted avg": {"precision": 0.5206192198694727, "recall": 0.4772117962466488, "f1-score": 0.4853220200608033, "support": 373}, "loss": 1.1727070808410645, "Acc": 0.4772117962466488}
