{"0": {"precision": 0.3767123287671233, "recall": 0.5913978494623656, "f1-score": 0.4602510460251046, "support": 93}, "1": {"precision": 0.45217391304347826, "recall": 0.5652173913043478, "f1-score": 0.5024154589371981, "support": 92}, "2": {"precision": 0.35294117647058826, "recall": 0.1348314606741573, "f1-score": 0.19512195121951217, "support": 89}, "3": {"precision": 0.3076923076923077, "recall": 0.24242424242424243, "f1-score": 0.2711864406779661, "support": 99}, "micro avg": {"precision": 0.38337801608579086, "recall": 0.38337801608579086, "f1-score": 0.38337801608579086, "support": 373}, "macro avg": {"precision": 0.3723799314933744, "recall": 0.3834677359662783, "f1-score": 0.3572437242149452, "support": 373}, "weighted avg": {"precision": 0.3713339135194726, "recall": 0.38337801608579086, "f1-score": 0.35720879567885294, "support": 373}, "loss": 1.303098440170288, "Acc": 0.38337801608579086}
{"0": {"precision": 0.35185185185185186, "recall": 0.6129032258064516, "f1-score": 0.44705882352941173, "support": 93}, "1": {"precision": 0.6206896551724138, "recall": 0.391304347826087, "f1-score": 0.48, "support": 92}, "2": {"precision": 0.35714285714285715, "recall": 0.39325842696629215, "f1-score": 0.37433155080213903, "support": 89}, "3": {"precision": 0.3090909090909091, "recall": 0.1717171717171717, "f1-score": 0.22077922077922077, "support": 99}, "micro avg": {"precision": 0.38873994638069703, "recall": 0.38873994638069703, "f1-score": 0.38873994638069703, "support": 373}, "macro avg": {"precision": 0.40969381831450796, "recall": 0.39229579307900064, "f1-score": 0.38054239877769286, "support": 373}, "weighted avg": {"precision": 0.40807341765093447, "recall": 0.38873994638069703, "f1-score": 0.37777244361063944, "support": 373}, "loss": 1.283285140991211, "Acc": 0.38873994638069703}
{"0": {"precision": 0.40601503759398494, "recall": 0.5806451612903226, "f1-score": 0.47787610619469023, "support": 93}, "1": {"precision": 0.5714285714285714, "recall": 0.5652173913043478, "f1-score": 0.5683060109289616, "support": 92}, "2": {"precision": 0.31896551724137934, "recall": 0.4157303370786517, "f1-score": 0.36097560975609755, "support": 89}, "3": {"precision": 0.3333333333333333, "recall": 0.1111111111111111, "f1-score": 0.16666666666666666, "support": 99}, "micro avg": {"precision": 0.4128686327077748, "recall": 0.4128686327077748, "f1-score": 0.4128686327077748, "support": 373}, "macro avg": {"precision": 0.40743561489931723, "recall": 0.41817600019610834, "f1-score": 0.39345609838660406, "support": 373}, "weighted avg": {"precision": 0.40675270268673436, "recall": 0.4128686327077748, "f1-score": 0.3896875607234942, "support": 373}, "loss": 1.2444496154785156, "Acc": 0.4128686327077748}
{"0": {"precision": 0.4297520661157025, "recall": 0.5591397849462365, "f1-score": 0.48598130841121495, "support": 93}, "1": {"precision": 0.5185185185185185, "recall": 0.6086956521739131, "f1-score": 0.5599999999999999, "support": 92}, "2": {"precision": 0.3434343434343434, "recall": 0.38202247191011235, "f1-score": 0.36170212765957444, "support": 89}, "3": {"precision": 0.35555555555555557, "recall": 0.16161616161616163, "f1-score": 0.22222222222222227, "support": 99}, "micro avg": {"precision": 0.42359249329758714, "recall": 0.42359249329758714, "f1-score": 0.42359249329758714, "support": 373}, "macro avg": {"precision": 0.41181512090603, "recall": 0.4278685176616059, "f1-score": 0.4074764145732529, "support": 373}, "weighted avg": {"precision": 0.4113573791370525, "recall": 0.42359249329758714, "f1-score": 0.40457842102934344, "support": 373}, "loss": 1.2305314540863037, "Acc": 0.42359249329758714}
{"0": {"precision": 0.4380165289256198, "recall": 0.5698924731182796, "f1-score": 0.4953271028037384, "support": 93}, "1": {"precision": 0.504424778761062, "recall": 0.6195652173913043, "f1-score": 0.5560975609756098, "support": 92}, "2": {"precision": 0.32673267326732675, "recall": 0.3707865168539326, "f1-score": 0.34736842105263155, "support": 89}, "3": {"precision": 0.3157894736842105, "recall": 0.12121212121212122, "f1-score": 0.17518248175182483, "support": 99}, "micro avg": {"precision": 0.4155495978552279, "recall": 0.4155495978552279, "f1-score": 0.4155495978552279, "support": 373}, "macro avg": {"precision": 0.3962408636595548, "recall": 0.4203640821439094, "f1-score": 0.39349389164595117, "support": 373}, "weighted avg": {"precision": 0.3954020982617407, "recall": 0.4155495978552279, "f1-score": 0.39004088830460754, "support": 373}, "loss": 1.2279465198516846, "Acc": 0.4155495978552279}
{"0": {"precision": 0.47619047619047616, "recall": 0.5376344086021505, "f1-score": 0.505050505050505, "support": 93}, "1": {"precision": 0.5089285714285714, "recall": 0.6195652173913043, "f1-score": 0.5588235294117646, "support": 92}, "2": {"precision": 0.31313131313131315, "recall": 0.34831460674157305, "f1-score": 0.3297872340425532, "support": 89}, "3": {"precision": 0.3157894736842105, "recall": 0.18181818181818182, "f1-score": 0.23076923076923078, "support": 99}, "micro avg": {"precision": 0.41823056300268097, "recall": 0.41823056300268097, "f1-score": 0.41823056300268097, "support": 373}, "macro avg": {"precision": 0.4035099586086428, "recall": 0.4218331036383024, "f1-score": 0.4061076248185134, "support": 373}, "weighted avg": {"precision": 0.4027854895993742, "recall": 0.41823056300268097, "f1-score": 0.40369619129093937, "support": 373}, "loss": 1.2175880670547485, "Acc": 0.41823056300268097}
{"0": {"precision": 0.4842105263157895, "recall": 0.4946236559139785, "f1-score": 0.4893617021276596, "support": 93}, "1": {"precision": 0.5267857142857143, "recall": 0.6413043478260869, "f1-score": 0.5784313725490196, "support": 92}, "2": {"precision": 0.3137254901960784, "recall": 0.3595505617977528, "f1-score": 0.3350785340314136, "support": 89}, "3": {"precision": 0.328125, "recall": 0.21212121212121213, "f1-score": 0.25766871165644173, "support": 99}, "micro avg": {"precision": 0.42359249329758714, "recall": 0.42359249329758714, "f1-score": 0.42359249329758714, "support": 373}, "macro avg": {"precision": 0.41321168269939557, "recall": 0.4268999444147576, "f1-score": 0.4151350800911336, "support": 373}, "weighted avg": {"precision": 0.4126053841530969, "recall": 0.42359249329758714, "f1-score": 0.41302283258757555, "support": 373}, "loss": 1.2106103897094727, "Acc": 0.42359249329758714}
