{"0": {"precision": 0.41743119266055045, "recall": 0.875, "f1-score": 0.5652173913043478, "support": 104}, "1": {"precision": 0.632183908045977, "recall": 0.5978260869565217, "f1-score": 0.6145251396648045, "support": 92}, "2": {"precision": 0.3684210526315789, "recall": 0.07526881720430108, "f1-score": 0.125, "support": 93}, "3": {"precision": 0.2653061224489796, "recall": 0.15476190476190477, "f1-score": 0.1954887218045113, "support": 84}, "micro avg": {"precision": 0.4450402144772118, "recall": 0.4450402144772118, "f1-score": 0.4450402144772118, "support": 373}, "macro avg": {"precision": 0.42083556894677154, "recall": 0.4257142022306819, "f1-score": 0.3750578131934159, "support": 373}, "weighted avg": {"precision": 0.4239212754889497, "recall": 0.4450402144772118, "f1-score": 0.38435649913242126, "support": 373}, "loss": 1.2228851318359375, "Acc": 0.4450402144772118}
{"0": {"precision": 0.44041450777202074, "recall": 0.8173076923076923, "f1-score": 0.5723905723905724, "support": 104}, "1": {"precision": 0.6086956521739131, "recall": 0.6086956521739131, "f1-score": 0.6086956521739131, "support": 92}, "2": {"precision": 0.3018867924528302, "recall": 0.17204301075268819, "f1-score": 0.21917808219178084, "support": 93}, "3": {"precision": 0.2, "recall": 0.08333333333333333, "f1-score": 0.11764705882352941, "support": 84}, "micro avg": {"precision": 0.43967828418230565, "recall": 0.43967828418230565, "f1-score": 0.43967828418230565, "support": 373}, "macro avg": {"precision": 0.387749238099691, "recall": 0.4203449221419067, "f1-score": 0.37947784139494894, "support": 373}, "weighted avg": {"precision": 0.39324016221555863, "recall": 0.43967828418230565, "f1-score": 0.39087006464780594, "support": 373}, "loss": 1.2091410160064697, "Acc": 0.43967828418230565}
{"0": {"precision": 0.4519774011299435, "recall": 0.7692307692307693, "f1-score": 0.5693950177935942, "support": 104}, "1": {"precision": 0.5894736842105263, "recall": 0.6086956521739131, "f1-score": 0.5989304812834224, "support": 92}, "2": {"precision": 0.35294117647058826, "recall": 0.25806451612903225, "f1-score": 0.29813664596273287, "support": 93}, "3": {"precision": 0.21212121212121213, "recall": 0.08333333333333333, "f1-score": 0.11965811965811965, "support": 84}, "micro avg": {"precision": 0.4477211796246649, "recall": 0.4477211796246649, "f1-score": 0.4477211796246649, "support": 373}, "macro avg": {"precision": 0.40162836848306754, "recall": 0.42983106771676194, "f1-score": 0.3965300661744673, "support": 373}, "weighted avg": {"precision": 0.4071821444901583, "recall": 0.4477211796246649, "f1-score": 0.407765888081568, "support": 373}, "loss": 1.1895607709884644, "Acc": 0.4477211796246649}
{"0": {"precision": 0.4602272727272727, "recall": 0.7788461538461539, "f1-score": 0.5785714285714285, "support": 104}, "1": {"precision": 0.6144578313253012, "recall": 0.5543478260869565, "f1-score": 0.5828571428571427, "support": 92}, "2": {"precision": 0.3523809523809524, "recall": 0.3978494623655914, "f1-score": 0.37373737373737376, "support": 93}, "3": {"precision": 0.1111111111111111, "recall": 0.011904761904761904, "f1-score": 0.021505376344086023, "support": 84}, "micro avg": {"precision": 0.45576407506702415, "recall": 0.45576407506702415, "f1-score": 0.45576407506702415, "support": 373}, "macro avg": {"precision": 0.38454429188615935, "recall": 0.4357370510508659, "f1-score": 0.38916783037750774, "support": 373}, "weighted avg": {"precision": 0.392757422923126, "recall": 0.45576407506702415, "f1-score": 0.403105397010093, "support": 373}, "loss": 1.1838375329971313, "Acc": 0.45576407506702415}
{"0": {"precision": 0.4321608040201005, "recall": 0.8269230769230769, "f1-score": 0.5676567656765675, "support": 104}, "1": {"precision": 0.65, "recall": 0.5652173913043478, "f1-score": 0.6046511627906976, "support": 92}, "2": {"precision": 0.4027777777777778, "recall": 0.3118279569892473, "f1-score": 0.35151515151515145, "support": 93}, "3": {"precision": 0.2727272727272727, "recall": 0.07142857142857142, "f1-score": 0.11320754716981131, "support": 84}, "micro avg": {"precision": 0.46380697050938335, "recall": 0.46380697050938335, "f1-score": 0.4638069705093833, "support": 373}, "macro avg": {"precision": 0.4394164636312878, "recall": 0.44384924916131085, "f1-score": 0.40925765678805703, "support": 373}, "weighted avg": {"precision": 0.44265991383516007, "recall": 0.46380697050938335, "f1-score": 0.42054840123399584, "support": 373}, "loss": 1.207695484161377, "Acc": 0.46380697050938335}
{"0": {"precision": 0.3961038961038961, "recall": 0.6559139784946236, "f1-score": 0.4939271255060729, "support": 93}, "1": {"precision": 0.32653061224489793, "recall": 0.19047619047619047, "f1-score": 0.2406015037593985, "support": 84}, "2": {"precision": 0.62, "recall": 0.5961538461538461, "f1-score": 0.607843137254902, "support": 104}, "3": {"precision": 0.5857142857142857, "recall": 0.44565217391304346, "f1-score": 0.5061728395061729, "support": 92}, "micro avg": {"precision": 0.48257372654155495, "recall": 0.48257372654155495, "f1-score": 0.48257372654155495, "support": 373}, "macro avg": {"precision": 0.48208719851577, "recall": 0.4720490472594259, "f1-score": 0.46213615150663656, "support": 373}, "weighted avg": {"precision": 0.4896298875387348, "recall": 0.48257372654155495, "f1-score": 0.4716604195628203, "support": 373}, "loss": 1.1937066316604614, "Acc": 0.48257372654155495}
{"0": {"precision": 0.43884892086330934, "recall": 0.6559139784946236, "f1-score": 0.5258620689655172, "support": 93}, "1": {"precision": 0.2894736842105263, "recall": 0.13095238095238096, "f1-score": 0.18032786885245905, "support": 84}, "2": {"precision": 0.6060606060606061, "recall": 0.5769230769230769, "f1-score": 0.5911330049261083, "support": 104}, "3": {"precision": 0.6185567010309279, "recall": 0.6521739130434783, "f1-score": 0.6349206349206349, "support": 92}, "micro avg": {"precision": 0.514745308310992, "recall": 0.514745308310992, "f1-score": 0.514745308310992, "support": 373}, "macro avg": {"precision": 0.4882349780413424, "recall": 0.5039908373533899, "f1-score": 0.4830608944161799, "support": 373}, "weighted avg": {"precision": 0.4961561893810198, "recall": 0.514745308310992, "f1-score": 0.4931454271378374, "support": 373}, "loss": 1.1188665628433228, "Acc": 0.514745308310992}
{"0": {"precision": 0.5242718446601942, "recall": 0.5806451612903226, "f1-score": 0.5510204081632653, "support": 93}, "1": {"precision": 0.3368421052631579, "recall": 0.38095238095238093, "f1-score": 0.3575418994413408, "support": 84}, "2": {"precision": 0.5833333333333334, "recall": 0.5384615384615384, "f1-score": 0.5599999999999999, "support": 104}, "3": {"precision": 0.6962025316455697, "recall": 0.5978260869565217, "f1-score": 0.6432748538011697, "support": 92}, "micro avg": {"precision": 0.5281501340482574, "recall": 0.5281501340482574, "f1-score": 0.5281501340482574, "support": 373}, "macro avg": {"precision": 0.5351624537255638, "recall": 0.5244712919151909, "f1-score": 0.527959290351444, "support": 373}, "weighted avg": {"precision": 0.5409365093124997, "recall": 0.5281501340482574, "f1-score": 0.532706981399367, "support": 373}, "loss": 1.122551679611206, "Acc": 0.5281501340482574}
{"0": {"precision": 0.49107142857142855, "recall": 0.5913978494623656, "f1-score": 0.5365853658536586, "support": 93}, "1": {"precision": 0.29069767441860467, "recall": 0.2976190476190476, "f1-score": 0.29411764705882354, "support": 84}, "2": {"precision": 0.5869565217391305, "recall": 0.5192307692307693, "f1-score": 0.5510204081632654, "support": 104}, "3": {"precision": 0.6746987951807228, "recall": 0.6086956521739131, "f1-score": 0.64, "support": 92}, "micro avg": {"precision": 0.5093833780160858, "recall": 0.5093833780160858, "f1-score": 0.5093833780160858, "support": 373}, "macro avg": {"precision": 0.5108561049774716, "recall": 0.5042358296215239, "f1-score": 0.5054308552689369, "support": 373}, "weighted avg": {"precision": 0.5179732303640797,