{"0": {"precision": 0.3860759493670886, "recall": 0.6559139784946236, "f1-score": 0.48605577689243024, "support": 93}, "1": {"precision": 0.5797101449275363, "recall": 0.43478260869565216, "f1-score": 0.49689440993788814, "support": 92}, "2": {"precision": 0.3008849557522124, "recall": 0.38202247191011235, "f1-score": 0.3366336633663366, "support": 89}, "3": {"precision": 0.30303030303030304, "recall": 0.10101010101010101, "f1-score": 0.15151515151515152, "support": 99}, "micro avg": {"precision": 0.38873994638069703, "recall": 0.38873994638069703, "f1-score": 0.38873994638069703, "support": 373}, "macro avg": {"precision": 0.39242533826928505, "recall": 0.3934322900276223, "f1-score": 0.36777475042795166, "support": 373}, "weighted avg": {"precision": 0.3914669106874517, "recall": 0.38873994638069703, "f1-score": 0.364283831112294, "support": 373}, "loss": 1.2638741731643677, "Acc": 0.38873994638069703}
{"0": {"precision": 0.4369747899159664, "recall": 0.5591397849462365, "f1-score": 0.490566037735849, "support": 93}, "1": {"precision": 0.5384615384615384, "recall": 0.6847826086956522, "f1-score": 0.6028708133971292, "support": 92}, "2": {"precision": 0.3364485981308411, "recall": 0.4044943820224719, "f1-score": 0.3673469387755102, "support": 89}, "3": {"precision": 0.3333333333333333, "recall": 0.10101010101010101, "f1-score": 0.15503875968992248, "support": 99}, "micro avg": {"precision": 0.4316353887399464, "recall": 0.4316353887399464, "f1-score": 0.4316353887399464, "support": 373}, "macro avg": {"precision": 0.4113045649604198, "recall": 0.43735671916861546, "f1-score": 0.4039556373996027, "support": 373}, "weighted avg": {"precision": 0.4105121775718265, "recall": 0.4316353887399464, "f1-score": 0.3998109144833581, "support": 373}, "loss": 1.201499342918396, "Acc": 0.4316353887399464}
{"0": {"precision": 0.4380165289256198, "recall": 0.5698924731182796, "f1-score": 0.4953271028037384, "support": 93}, "1": {"precision": 0.5350877192982456, "recall": 0.6630434782608695, "f1-score": 0.5922330097087378, "support": 92}, "2": {"precision": 0.3333333333333333, "recall": 0.4044943820224719, "f1-score": 0.36548223350253806, "support": 89}, "3": {"precision": 0.3333333333333333, "recall": 0.10101010101010101, "f1-score": 0.15503875968992248, "support": 99}, "micro avg": {"precision": 0.4289544235924933, "recall": 0.4289544235924933, "f1-score": 0.42895442359249325, "support": 373}, "macro avg": {"precision": 0.409942728722633, "recall": 0.43461010860293053, "f1-score": 0.40202027642623417, "support": 373}, "weighted avg": {"precision": 0.40919644512650916, "recall": 0.4289544235924933, "f1-score": 0.3979292585656294, "support": 373}, "loss": 1.1993297338485718, "Acc": 0.4289544235924933}
{"0": {"precision": 0.42735042735042733, "recall": 0.5376344086021505, "f1-score": 0.47619047619047616, "support": 93}, "1": {"precision": 0.543859649122807, "recall": 0.6739130434782609, "f1-score": 0.6019417475728156, "support": 92}, "2": {"precision": 0.33962264150943394, "recall": 0.4044943820224719, "f1-score": 0.3692307692307692, "support": 89}, "3": {"precision": 0.3888888888888889, "recall": 0.1414141414141414, "f1-score": 0.20740740740740743, "support": 99}, "micro avg": {"precision": 0.4343163538873995, "recall": 0.4343163538873995, "f1-score": 0.4343163538873995, "support": 373}, "macro avg": {"precision": 0.42493040171788926, "recall": 0.4393639938792562, "f1-score": 0.4136926001003671, "support": 373}, "weighted avg": {"precision": 0.4249466288397523, "recall": 0.4343163538873995, "f1-score": 0.41034645270049624, "support": 373}, "loss": 1.1967755556106567, "Acc": 0.4343163538873995}
{"0": {"precision": 0.44036697247706424, "recall": 0.5161290322580645, "f1-score": 0.4752475247524752, "support": 93}, "1": {"precision": 0.5423728813559322, "recall": 0.6956521739130435, "f1-score": 0.6095238095238096, "support": 92}, "2": {"precision": 0.34579439252336447, "recall": 0.4157303370786517, "f1-score": 0.37755102040816324, "support": 89}, "3": {"precision": 0.358974358974359, "recall": 0.1414141414141414, "f1-score": 0.2028985507246377, "support": 99}, "micro avg": {"precision": 0.43699731903485256, "recall": 0.43699731903485256, "f1-score": 0.43699731903485256, "support": 373}, "macro avg": {"precision": 0.42187715133268, "recall": 0.44223142116597525, "f1-score": 0.4163052263522714, "support": 373}, "weighted avg": {"precision": 0.42135816621488925, "recall": 0.43699731903485256, "f1-score": 0.4127699936092127, "support": 373}, "loss": 1.1941279172897339, "Acc": 0.43699731903485256}
{"0": {"precision": 0.4444444444444444, "recall": 0.5161290322580645, "f1-score": 0.4776119402985074, "support": 93}, "1": {"precision": 0.5338983050847458, "recall": 0.6847826086956522, "f1-score": 0.6000000000000001, "support": 92}, "2": {"precision": 0.3302752293577982, "recall": 0.4044943820224719, "f1-score": 0.3636363636363636, "support": 89}, "3": {"precision": 0.34210526315789475, "recall": 0.13131313131313133, "f1-score": 0.18978102189781024, "support": 99}, "micro avg": {"precision": 0.4289544235924933, "recall": 0.4289544235924933, "f1-score": 0.42895442359249325, "support": 373}, "macro avg": {"precision": 0.41268081051122074, "recall": 0.43417978857233, "f1-score": 0.40775733145817034, "support": 373}, "weighted avg": {"precision": 0.4121042731008192, "recall": 0.4289544235924933, "f1-score": 0.4042087613385544, "support": 373}, "loss": 1.1903656721115112, "Acc": 0.4289544235924933}
{"0": {"precision": 0.46601941747572817, "recall": 0.5161290322580645, "f1-score": 0.489795918367347, "support": 93}, "1": {"precision": 0.52, "recall": 0.7065217391304348, "f1-score": 0.599078341013825, "support": 92}, "2": {"precision": 0.3235294117647059, "recall": 0.3707865168539326, "f1-score": 0.3455497382198953, "support": 89}, "3": {"precision": 0.32558139534883723, "recall": 0.1414141414141414, "f1-score": 0.19718309859154928, "support": 99}, "micro avg": {"precision": 0.4289544235924933, "recall": 0.4289544235924933, "f1-score": 0.42895442359249325, "support": 373}, "macro avg": {"precision": 0.40878255614731784, "recall": 0.43371285741414334, "f1-score": 0.40790177404815414, "support": 373}, "weighted avg": {"precision": 0.4080602724177921, "recall": 0.4289544235924933, "f1-score": 0.40466831432592293, "support": 373}, "loss": 1.1913212537765503, "Acc": 0.4289544235924933}
