{"0": {"precision": 0.39751552795031053, "recall": 0.6881720430107527, "f1-score": 0.5039370078740157, "support": 93}, "1": {"precision": 0.26666666666666666, "recall": 0.19047619047619047, "f1-score": 0.2222222222222222, "support": 84}, "2": {"precision": 0.5970149253731343, "recall": 0.38461538461538464, "f1-score": 0.4678362573099415, "support": 104}, "3": {"precision": 0.5647058823529412, "recall": 0.5217391304347826, "f1-score": 0.5423728813559322, "support": 92}, "micro avg": {"precision": 0.450402144772118, "recall": 0.450402144772118, "f1-score": 0.450402144772118, "support": 373}, "macro avg": {"precision": 0.4564757505857632, "recall": 0.4462506871342776, "f1-score": 0.4340920921905279, "support": 373}, "weighted avg": {"precision": 0.4649100201465293, "recall": 0.450402144772118, "f1-score": 0.4399090730400263, "support": 373}, "loss": 1.2730191946029663, "Acc": 0.450402144772118}
{"0": {"precision": 0.448, "recall": 0.6021505376344086, "f1-score": 0.5137614678899083, "support": 93}, "1": {"precision": 0.28, "recall": 0.25, "f1-score": 0.2641509433962264, "support": 84}, "2": {"precision": 0.6571428571428571, "recall": 0.4423076923076923, "f1-score": 0.528735632183908, "support": 104}, "3": {"precision": 0.6213592233009708, "recall": 0.6956521739130435, "f1-score": 0.6564102564102563, "support": 92}, "micro avg": {"precision": 0.5013404825737265, "recall": 0.5013404825737265, "f1-score": 0.5013404825737265, "support": 373}, "macro avg": {"precision": 0.501625520110957, "recall": 0.4975276009637861, "f1-score": 0.49076457497007475, "support": 373}, "weighted avg": {"precision": 0.5112383530470415, "recall": 0.5013404825737265, "f1-score": 0.4969081637960174, "support": 373}, "loss": 1.1503156423568726, "Acc": 0.5013404825737265}
{"0": {"precision": 0.4507042253521127, "recall": 0.34408602150537637, "f1-score": 0.3902439024390244, "support": 93}, "1": {"precision": 0.27522935779816515, "recall": 0.35714285714285715, "f1-score": 0.3108808290155441, "support": 84}, "2": {"precision": 0.5673076923076923, "recall": 0.5673076923076923, "f1-score": 0.5673076923076923, "support": 104}, "3": {"precision": 0.6404494382022472, "recall": 0.6195652173913043, "f1-score": 0.6298342541436465, "support": 92}, "micro avg": {"precision": 0.4772117962466488, "recall": 0.4772117962466488, "f1-score": 0.4772117962466488, "support": 373}, "macro avg": {"precision": 0.4834226784150543, "recall": 0.4720254470868075, "f1-score": 0.47456666947647685, "support": 373}, "weighted avg": {"precision": 0.49049894725844256, "recall": 0.4772117962466488, "f1-score": 0.48083491674356693, "support": 373}, "loss": 1.1400529146194458, "Acc": 0.4772117962466488}
{"0": {"precision": 0.47058823529411764, "recall": 0.34408602150537637, "f1-score": 0.39751552795031053, "support": 93}, "1": {"precision": 0.27350427350427353, "recall": 0.38095238095238093, "f1-score": 0.318407960199005, "support": 84}, "2": {"precision": 0.5614035087719298, "recall": 0.6153846153846154, "f1-score": 0.5871559633027522, "support": 104}, "3": {"precision": 0.6486486486486487, "recall": 0.5217391304347826, "f1-score": 0.5783132530120482, "support": 92}, "micro avg": {"precision": 0.4718498659517426, "recall": 0.4718498659517426, "f1-score": 0.4718498659517426, "support": 373}, "macro avg": {"precision": 0.4885361665547424, "recall": 0.4655405370692889, "f1-score": 0.47034817611602897, "support": 373}, "weighted avg": {"precision": 0.49544425052189894, "recall": 0.4718498659517426, "f1-score": 0.4771695769884449, "support": 373}, "loss": 1.140055537223816, "Acc": 0.4718498659517426}
