{"0": {"precision": 0.2, "recall": 0.06451612903225806, "f1-score": 0.0975609756097561, "support": 93}, "1": {"precision": 0.5585585585585585, "recall": 0.6739130434782609, "f1-score": 0.6108374384236452, "support": 92}, "2": {"precision": 0.0, "recall": 0.0, "f1-score": 0.0, "support": 89}, "3": {"precision": 0.31896551724137934, "recall": 0.7474747474747475, "f1-score": 0.4471299093655589, "support": 99}, "micro avg": {"precision": 0.3806970509383378, "recall": 0.3806970509383378, "f1-score": 0.3806970509383378, "support": 373}, "macro avg": {"precision": 0.26938101894998445, "recall": 0.37147597999631665, "f1-score": 0.28888208084974004, "support": 373}, "weighted avg": {"precision": 0.27229215440826793, "recall": 0.3806970509383378, "f1-score": 0.2936624023964424, "support": 373}, "loss": 1.5087823867797852, "Acc": 0.3806970509383378}
{"0": {"precision": 0.2, "recall": 0.06451612903225806, "f1-score": 0.0975609756097561, "support": 93}, "1": {"precision": 0.5396825396825397, "recall": 0.7391304347826086, "f1-score": 0.6238532110091742, "support": 92}, "2": {"precision": 0.0, "recall": 0.0, "f1-score": 0.0, "support": 89}, "3": {"precision": 0.3317972350230415, "recall": 0.7272727272727273, "f1-score": 0.4556962025316455, "support": 99}, "micro avg": {"precision": 0.3914209115281501, "recall": 0.3914209115281501, "f1-score": 0.3914209115281501, "support": 373}, "macro avg": {"precision": 0.2678699436763953, "recall": 0.3827298227718985, "f1-score": 0.29427759728764397, "support": 373}, "weighted avg": {"precision": 0.2710421445524792, "recall": 0.3914209115281501, "f1-score": 0.2991463544106816, "support": 373}, "loss": 1.4400880336761475, "Acc": 0.3914209115281501}
{"0": {"precision": 0.2, "recall": 0.06451612903225806, "f1-score": 0.0975609756097561, "support": 93}, "1": {"precision": 0.5409836065573771, "recall": 0.717391304347826, "f1-score": 0.6168224299065421, "support": 92}, "2": {"precision": 0.0, "recall": 0.0, "f1-score": 0.0, "support": 89}, "3": {"precision": 0.3212669683257919, "recall": 0.7171717171717171, "f1-score": 0.44375000000000003, "support": 99}, "micro avg": {"precision": 0.38337801608579086, "recall": 0.38337801608579086, "f1-score": 0.38337801608579086, "support": 373}, "macro avg": {"precision": 0.26556264372079225, "recall": 0.3747697876379503, "f1-score": 0.28953335137907454, "support": 373}, "weighted avg": {"precision": 0.26856815460464367, "recall": 0.38337801608579086, "f1-score": 0.29424151282334904, "support": 373}, "loss": 1.4511605501174927, "Acc": 0.38337801608579086}
{"0": {"precision": 0.2631578947368421, "recall": 0.053763440860215055, "f1-score": 0.08928571428571429, "support": 93}, "1": {"precision": 0.5486725663716814, "recall": 0.6739130434782609, "f1-score": 0.6048780487804879, "support": 92}, "2": {"precision": 0.0, "recall": 0.0, "f1-score": 0.0, "support": 89}, "3": {"precision": 0.3173913043478261, "recall": 0.7373737373737373, "f1-score": 0.4437689969604863, "support": 99}, "micro avg": {"precision": 0.3753351206434316, "recall": 0.3753351206434316, "f1-score": 0.37533512064343166, "support": 373}, "macro avg": {"precision": 0.28230544136408736, "recall": 0.3662625554280533, "f1-score": 0.2844831900066721, "support": 373}, "weighted avg": {"precision": 0.28518310843741496, "recall": 0.3753351206434316, "f1-score": 0.2892372188082157, "support": 373}, "loss": 1.473446249961853, "Acc": 0.3753351206434316}
{"0": {"precision": 0.2, "recall": 0.06451612903225806, "f1-score": 0.0975609756097561, "support": 93}, "1": {"precision": 0.5535714285714286, "recall": 0.6739130434782609, "f1-score": 0.6078431372549019, "support": 92}, "2": {"precision": 0.0, "recall": 0.0, "f1-score": 0.0, "support": 89}, "3": {"precision": 0.31601731601731603, "recall": 0.7373737373737373, "f1-score": 0.44242424242424244, "support": 99}, "micro avg": {"precision": 0.3780160857908847, "recall": 0.3780160857908847, "f1-score": 0.37801608579088475, "support": 373}, "macro avg": {"precision": 0.26739718614718616, "recall": 0.36895072747106405, "f1-score": 0.2869570888222251, "support": 373}, "weighted avg": {"precision": 0.2702795863653773, "recall": 0.3780160857908847, "f1-score": 0.29167490444814553, "support": 373}, "loss": 1.434563159942627, "Acc": 0.3780160857908847}
{"0": {"precision": 0.2608695652173913, "recall": 0.06451612903225806, "f1-score": 0.10344827586206896, "support": 93}, "1": {"precision": 0.5508474576271186, "recall": 0.7065217391304348, "f1-score": 0.6190476190476191, "support": 92}, "2": {"precision": 0.14285714285714285, "recall": 0.011235955056179775, "f1-score": 0.020833333333333332, "support": 89}, "3": {"precision": 0.3244444444444444, "recall": 0.7373737373737373, "f1-score": 0.45061728395061723, "support": 99}, "micro avg": {"precision": 0.38873994638069703, "recall": 0.38873994638069703, "f1-score": 0.38873994638069703, "support": 373}, "macro avg": {"precision": 0.31975465253652424, "recall": 0.3799118901481525, "f1-score": 0.29848662804840964, "support": 373}, "weighted avg": {"precision": 0.3211075640246595, "recall": 0.38873994638069703, "f1-score": 0.3030518723467323, "support": 373}, "loss": 1.4187480211257935, "Acc": 0.38873994638069703}
{"0": {"precision": 0.17647058823529413, "recall": 0.03225806451612903, "f1-score": 0.05454545454545454, "support": 93}, "1": {"precision": 0.5503875968992248, "recall": 0.7717391304347826, "f1-score": 0.6425339366515838, "support": 92}, "2": {"precision": 0.0, "recall": 0.0, "f1-score": 0.0, "support": 89}, "3": {"precision": 0.31718061674008813, "recall": 0.7272727272727273, "f1-score": 0.441717791411043, "support": 99}, "micro avg": {"precision": 0.3914209115281501, "recall": 0.3914209115281501, "f1-score": 0.3914209115281501, "support": 373}, "macro avg": {"precision": 0.2610097004686518, "recall": 0.3828174805559097, "f1-score": 0.28469929565202035, "support": 373}, "weighted avg": {"precision": 0.26393647366723794, "recall": 0.3914209115281501, "f1-score": 0.28931879569535185, "support": 373}, "loss": 1.394296407699585, "Acc": 0.3914209115281501}
{"0": {"precision": 0.17647058823529413, "recall": 0.03225806451612903, "f1-score": 0.05454545454545454, "support": 93}, "1": {"precision": 0.5454545454545454, "recall": 0.717391304347826, "f1-score": 0.6197183098591549, "support": 92}, "2": {"precision": 0.1111111111111111, "recall": 0.011235955056179775, "f1-score": 0.02040816326530612, "support": 89}, "3": {"precision": 0.3185840707964602, "recall": 0.7272727272727273, "f1-score": 0.44307692307692303, "support": 99}, "micro avg": {"precision": 0.3806970509383378, "recall": 0.3806970509383378, "f1-score": 0.3806970509383378, "support": 373}, "macro avg": {"precision": 0.28790507889935274, "recall": 0.37203951279821557, "f1-score": 0.28443721268670963, "support": 373}, "weighted avg": {"precision": 0.2896040074676648, "recall": 0.3806970509383378, "f1-score": 0.28892159167559556, "support": 373}, "loss": 1.4713871479034424, "Acc": 0.3806970509383378}
{"0": {"precision": 0.2222222222222222, "recall": 0.043010752688172046, "f1-score": 0.07207207207207207, "support": 93}, "1": {"precision": 0.5702479338842975, "recall": 0.75, "f1-score": 0.6478873239436619, "support": 92}, "2": {"precision": 0.0, "recall": 0.0, "f1-score": 0.0, "support": 89}, "3": {"precision": 0.31759656652360513, "recall": 0.7474747474747475, "f1-score": 0.4457831325301204, "support": 99}, "micro avg": {"precision": 0.3941018766756032, "recall": 0.3941018766756032, "f1-score": 0.3941018766756032, "support": 373}, "macro avg": {"precision": 0.2775166806575312, "recall": 0.38512137504072985, "f1-score": 0.2914356321364636, "support": 373}, "weighted avg": {"precision": 0.28035264522750386, "recall": 0.3941018766756032, "f1-score": 0.2960881142788245, "support": 373}, "loss": 1.4485538005828857, "Acc": 0.3941018766756032}
{"0": {"precision": 0.21739130434782608, "recall": 0.053763440860215055, "f1-score": 0.08620689655172414, "support": 93}, "1": {"precision": 0.536, "recall": 0.7282608695652174,