{"0": {"precision": 0.7333333333333333, "recall": 0.2391304347826087, "f1-score": 0.36065573770491804, "support": 46}, "1": {"precision": 0.6818181818181818, "recall": 0.2777777777777778, "f1-score": 0.39473684210526316, "support": 54}, "2": {"precision": 0.5833333333333334, "recall": 0.42, "f1-score": 0.4883720930232558, "support": 50}, "3": {"precision": 0.3712121212121212, "recall": 0.8909090909090909, "f1-score": 0.5240641711229946, "support": 55}, "micro avg": {"precision": 0.4682926829268293, "recall": 0.4682926829268293, "f1-score": 0.4682926829268293, "support": 205}, "macro avg": {"precision": 0.5924242424242424, "recall": 0.45695432586736934, "f1-score": 0.4419572109891079, "support": 205}, "weighted avg": {"precision": 0.5860236511456024, "recall": 0.4682926829268293, "f1-score": 0.4446248169318924, "support": 205}, "loss": 1.2350690364837646, "Acc": 0.4682926829268293}
{"0": {"precision": 0.75, "recall": 0.1956521739130435, "f1-score": 0.3103448275862069, "support": 46}, "1": {"precision": 0.7105263157894737, "recall": 0.5, "f1-score": 0.5869565217391304, "support": 54}, "2": {"precision": 0.47058823529411764, "recall": 0.48, "f1-score": 0.4752475247524752, "support": 50}, "3": {"precision": 0.46153846153846156, "recall": 0.8727272727272727, "f1-score": 0.6037735849056605, "support": 55}, "micro avg": {"precision": 0.526829268292683, "recall": 0.526829268292683, "f1-score": 0.526829268292683, "support": 205}, "macro avg": {"precision": 0.5981632531555132, "recall": 0.512094861660079, "f1-score": 0.49408061474586823, "support": 205}, "weighted avg": {"precision": 0.5940607229363554, "recall": 0.526829268292683, "f1-score": 0.5021533543917739, "support": 205}, "loss": 1.1582610607147217, "Acc": 0.526829268292683}
{"0": {"precision": 0.7777777777777778, "recall": 0.15217391304347827, "f1-score": 0.2545454545454546, "support": 46}, "1": {"precision": 0.7380952380952381, "recall": 0.5740740740740741, "f1-score": 0.6458333333333334, "support": 54}, "2": {"precision": 0.47761194029850745, "recall": 0.64, "f1-score": 0.5470085470085471, "support": 50}, "3": {"precision": 0.5287356321839081, "recall": 0.8363636363636363, "f1-score": 0.6478873239436619, "support": 55}, "micro avg": {"precision": 0.5658536585365853, "recall": 0.5658536585365853, "f1-score": 0.5658536585365853, "support": 205}, "macro avg": {"precision": 0.6305551470888578, "recall": 0.5506529058702971, "f1-score": 0.5238186647077492, "support": 205}, "weighted avg": {"precision": 0.6272974508290777, "recall": 0.5658536585365853, "f1-score": 0.5344796150069252, "support": 205}, "loss": 1.067004919052124, "Acc": 0.5658536585365853}
{"0": {"precision": 0.75, "recall": 0.1956521739130435, "f1-score": 0.3103448275862069, "support": 46}, "1": {"precision": 0.7894736842105263, "recall": 0.5555555555555556, "f1-score": 0.6521739130434783, "support": 54}, "2": {"precision": 0.49295774647887325, "recall": 0.7, "f1-score": 0.5785123966942148, "support": 50}, "3": {"precision": 0.5238095238095238, "recall": 0.8, "f1-score": 0.6330935251798562, "support": 55}, "micro avg": {"precision": 0.5756097560975609, "recall": 0.5756097560975609, "f1-score": 0.5756097560975609, "support": 205}, "macro avg": {"precision": 0.6390602386247308, "recall": 0.5628019323671498, "f1-score": 0.5435311656259391, "support": 205}, "weighted avg": {"precision": 0.6370194638089557, "recall": 0.5756097560975609, "f1-score": 0.5523854492337374, "support": 205}, "loss": 1.0122721195220947, "Acc": 0.5756097560975609}
{"0": {"precision": 0.75, "recall": 0.1956521739130435, "f1-score": 0.3103448275862069, "support": 46}, "1": {"precision": 0.723404255319149, "recall": 0.6296296296296297, "f1-score": 0.6732673267326733, "support": 54}, "2": {"precision": 0.5074626865671642, "recall": 0.68, "f1-score": 0.5811965811965812, "support": 50}, "3": {"precision": 0.5189873417721519, "recall": 0.7454545454545455, "f1-score": 0.6119402985074627, "support": 55}, "micro avg": {"precision": 0.5756097560975609, "recall": 0.5756097560975609, "f1-score": 0.5756097560975609, "support": 205}, "macro avg": {"precision": 0.6249635709146163, "recall": 0.5626840872493046, "f1-score": 0.544187258505731, "support": 205}, "weighted avg": {"precision": 0.6218598434783444, "recall": 0.5756097560975609, "f1-score": 0.552921186293997, "support": 205}, "loss": 1.0276529788970947, "Acc": 0.5756097560975609}
