{"0": {"precision": 0.375, "recall": 0.42, "f1-score": 0.39622641509433965, "support": 50}, "1": {"precision": 0.38571428571428573, "recall": 0.5510204081632653, "f1-score": 0.453781512605042, "support": 49}, "2": {"precision": 0.0, "recall": 0.0, "f1-score": 0.0, "support": 60}, "3": {"precision": 0.4430379746835443, "recall": 0.7608695652173914, "f1-score": 0.5599999999999999, "support": 46}, "micro avg": {"precision": 0.40487804878048783, "recall": 0.40487804878048783, "f1-score": 0.4048780487804878, "support": 205}, "macro avg": {"precision": 0.3009380650994575, "recall": 0.43297249334516413, "f1-score": 0.3525019819248454, "support": 205}, "weighted avg": {"precision": 0.283071935782649, "recall": 0.40487804878048783, "f1-score": 0.33076397498714166, "support": 205}, "loss": 1.2400412559509277, "Acc": 0.40487804878048783}
{"0": {"precision": 0.36363636363636365, "recall": 0.56, "f1-score": 0.44094488188976383, "support": 50}, "1": {"precision": 0.44, "recall": 0.673469387755102, "f1-score": 0.532258064516129, "support": 49}, "2": {"precision": 0.0, "recall": 0.0, "f1-score": 0.0, "support": 60}, "3": {"precision": 0.5471698113207547, "recall": 0.6304347826086957, "f1-score": 0.5858585858585859, "support": 46}, "micro avg": {"precision": 0.43902439024390244, "recall": 0.43902439024390244, "f1-score": 0.43902439024390244, "support": 205}, "macro avg": {"precision": 0.33770154373927963, "recall": 0.4659760425909495, "f1-score": 0.3897653830661197, "support": 205}, "weighted avg": {"precision": 0.316642095134502, "recall": 0.43902439024390244, "f1-score": 0.3662311424647486, "support": 205}, "loss": 1.1766395568847656, "Acc": 0.43902439024390244}
{"0": {"precision": 0.36082474226804123, "recall": 0.7, "f1-score": 0.47619047619047616, "support": 50}, "1": {"precision": 0.5081967213114754, "recall": 0.6326530612244898, "f1-score": 0.5636363636363637, "support": 49}, "2": {"precision": 0.6666666666666666, "recall": 0.03333333333333333, "f1-score": 0.06349206349206349, "support": 60}, "3": {"precision": 0.5681818181818182, "recall": 0.5434782608695652, "f1-score": 0.5555555555555556, "support": 46}, "micro avg": {"precision": 0.45365853658536587, "recall": 0.45365853658536587, "f1-score": 0.45365853658536587, "support": 205}, "macro avg": {"precision": 0.5259674871070004, "recall": 0.4773661638568471, "f1-score": 0.4147186147186147, "support": 205}, "weighted avg": {"precision": 0.5320938541172098, "recall": 0.45365853658536587, "f1-score": 0.39411114630626826, "support": 205}, "loss": 1.1440469026565552, "Acc": 0.45365853658536587}
{"0": {"precision": 0.4461538461538462, "recall": 0.58, "f1-score": 0.5043478260869565, "support": 50}, "1": {"precision": 0.4520547945205479, "recall": 0.673469387755102, "f1-score": 0.540983606557377, "support": 49}, "2": {"precision": 0.6956521739130435, "recall": 0.26666666666666666, "f1-score": 0.3855421686746988, "support": 60}, "3": {"precision": 0.5454545454545454, "recall": 0.5217391304347826, "f1-score": 0.5333333333333332, "support": 46}, "micro avg": {"precision": 0.4975609756097561, "recall": 0.4975609756097561, "f1-score": 0.4975609756097561, "support": 205}, "macro avg": {"precision": 0.5348288400104957, "recall": 0.5104687962141378, "f1-score": 0.4910517336630914, "support": 205}, "weighted avg": {"precision": 0.5428703256823945, "recall": 0.4975609756097561, "f1-score": 0.4848363486803637, "support": 205}, "loss": 1.1512415409088135, "Acc": 0.4975609756097561}
{"0": {"precision": 0.45454545454545453, "recall": 0.6, "f1-score": 0.5172413793103449, "support": 50}, "1": {"precision": 0.5230769230769231, "recall": 0.6938775510204082, "f1-score": 0.5964912280701755, "support": 49}, "2": {"precision": 0.5757575757575758, "recall": 0.31666666666666665, "f1-score": 0.40860215053763443, "support": 60}, "3": {"precision": 0.5853658536585366, "recall": 0.5217391304347826, "f1-score": 0.5517241379310345, "support": 46}, "micro avg": {"precision": 0.5219512195121951, "recall": 0.5219512195121951, "f1-score": 0.5219512195121951, "support": 205}, "macro avg": {"precision": 0.5346864517596225, "recall": 0.5330708370304643, "f1-score": 0.5185147239622974, "support": 205}, "weighted avg": {"precision": 0.5357576866916546, "recall": 0.5219512195121951, "f1-score": 0.512124773258739, "support": 205}, "loss": 1.1213135719299316, "Acc": 0.5219512195121951}
{"0": {"precision": 1.0, "recall": 0.09259259259259259, "f1-score": 0.1694915254237288, "support": 54}, "1": {"precision": 0.48, "recall": 0.2608695652173913, "f1-score": 0.33802816901408445, "support": 46}, "2": {"precision": 0.4090909090909091, "recall": 0.72, "f1-score": 0.5217391304347826, "support": 50}, "3": {"precision": 0.5057471264367817, "recall": 0.8, "f1-score": 0.619718309859155, "support": 55}, "micro avg": {"precision": 0.47317073170731705, "recall": 0.47317073170731705, "f1-score": 0.47317073170731705, "support": 205}, "macro avg": {"precision": 0.5987095088819228, "recall": 0.468365539452496, "f1-score": 0.41224428368293775, "support": 205}, "weighted avg": {"precision": 0.6065884751637485, "recall": 0.47317073170731705, "f1-score": 0.4140161059098629, "support": 205}, "loss": 1.2839930057525635, "Acc": 0.47317073170731705}
{"0": {"precision": 0.6, "recall": 0.4444444444444444, "f1-score": 0.5106382978723405, "support": 54}, "1": {"precision": 0.7333333333333333, "recall": 0.2391304347826087, "f1-score": 0.36065573770491804, "support": 46}, "2": {"precision": 0.43478260869565216, "recall": 0.4, "f1-score": 0.41666666666666663, "support": 50}, "3": {"precision": 0.4423076923076923, "recall": 0.8363636363636363, "f1-score": 0.5786163522012578, "support": 55}, "micro avg": {"precision": 0.4926829268292683, "recall": 0.4926829268292683, "f1-score": 0.4926829268292683, "support": 205}, "macro avg": {"precision": 0.5526059085841695, "recall": 0.47998462889767235, "f1-score": 0.46664426361129574, "support": 205}, "weighted avg": {"precision": 0.547314082170922, "recall": 0.4926829268292683, "f1-score": 0.472301779141147, "support": 205}, "loss": 1.2252709865570068, "Acc": 0.4926829268292683}
{"0": {"precision": 0.6896551724137931, "recall": 0.37037037037037035, "f1-score": 0.48192771084337355, "support": 54}, "1": {"precision": 0.6190476190476191, "recall": 0.2826086956521739, "f1-score": 0.3880597014925373, "support": 46}, "2": {"precision": 0.4878048780487805, "recall": 0.4, "f1-score": 0.43956043956043955, "support": 50}, "3": {"precision": 0.4298245614035088, "recall": 0.8909090909090909, "f1-score": 0.5798816568047338, "support": 55}, "micro avg": {"precision": 0.4975609756097561, "recall": 0.4975609756097561, "f1-score": 0.4975609756097561, "support": 205}, "macro avg": {"precision": 0.5565830577284254, "recall": 0.4859720392329088, "f1-score": 0.47235737717527104, "support": 205}, "weighted avg": {"precision": 0.5548690954447186, "recall": 0.4975609756097561, "f1-score": 0.4768114914950303, "support": 205}, "loss": 1.2265980243682861, "Acc": 0.4975609756097561}
{"0": {"precision": 0.6666666666666666, "recall": 0.4074074074074074, "f1-score": 0.5057471264367817, "support": 54}, "1": {"precision": 0.65, "recall": 0.2826086956521739, "f1-score": 0.3939393939393939, "support": 46}, "2": {"precision": 0.4857142857142857, "recall": 0.34, "f1-score": 0.4, "support": 50}, "3": {"precision": 0.4358974358974359, "recall": 0.9272727272727272, "f1-score": 0.5930232558139535, "support": 55}, "micro avg": {"precision": 0.5024390243902439, "recall": 0.5024390243902439, "f1-score": 0.5024390243902439, "support": 205}, "macro avg": {"precision": 0.5595695970695971, "recall": 0.48932220758307715, "f1-score": 0.47317744404753226, "support": 205}, "weighted avg": {"precision": 0.5568784061466988, "recall": 0.5024390243902439, "f1-score": 0.4782821269198331, "support": 205}, "loss": 1.1777410507202148, "Acc": 0.5024390243902439}
{"0": {"precision": 0.5789473684210527, "recall": 0.4074074074074074, "f1-score": 0.47826086956521735, "support": 54},