{"0": {"precision": 0.8181818181818182, "recall": 0.1956521739130435, "f1-score": 0.3157894736842105, "support": 46}, "1": {"precision": 1.0, "recall": 0.018518518518518517, "f1-score": 0.03636363636363636, "support": 54}, "2": {"precision": 0.5128205128205128, "recall": 0.4, "f1-score": 0.449438202247191, "support": 50}, "3": {"precision": 0.3246753246753247, "recall": 0.9090909090909091, "f1-score": 0.47846889952153115, "support": 55}, "micro avg": {"precision": 0.3902439024390244, "recall": 0.3902439024390244, "f1-score": 0.3902439024390244, "support": 205}, "macro avg": {"precision": 0.663919413919414, "recall": 0.3808154003806178, "f1-score": 0.32001505295414223, "support": 205}, "weighted avg": {"precision": 0.6591928396806445, "recall": 0.3902439024390244, "f1-score": 0.3184275694592869, "support": 205}, "loss": 1.2827696800231934, "Acc": 0.3902439024390244}
{"0": {"precision": 0.3220338983050847, "recall": 0.41304347826086957, "f1-score": 0.3619047619047619, "support": 46}, "1": {"precision": 1.0, "recall": 0.09259259259259259, "f1-score": 0.1694915254237288, "support": 54}, "2": {"precision": 0.47368421052631576, "recall": 0.36, "f1-score": 0.40909090909090906, "support": 50}, "3": {"precision": 0.44660194174757284, "recall": 0.8363636363636363, "f1-score": 0.5822784810126583, "support": 55}, "micro avg": {"precision": 0.4292682926829268, "recall": 0.4292682926829268, "f1-score": 0.4292682926829268, "support": 205}, "macro avg": {"precision": 0.5605800126447433, "recall": 0.4254999268042746, "f1-score": 0.38069141935801454, "support": 205}, "weighted avg": {"precision": 0.5710286665583717, "recall": 0.4292682926829268, "f1-score": 0.3818537723450833, "support": 205}, "loss": 1.2279765605926514, "Acc": 0.4292682926829268}
{"0": {"precision": 0.7222222222222222, "recall": 0.2826086956521739, "f1-score": 0.40625, "support": 46}, "1": {"precision": 0.6222222222222222, "recall": 0.5185185185185185, "f1-score": 0.5656565656565656, "support": 54}, "2": {"precision": 0.5106382978723404, "recall": 0.48, "f1-score": 0.49484536082474223, "support": 50}, "3": {"precision": 0.4842105263157895, "recall": 0.8363636363636363, "f1-score": 0.6133333333333333, "support": 55}, "micro avg": {"precision": 0.5414634146341464, "recall": 0.5414634146341464, "f1-score": 0.5414634146341464, "support": 205}, "macro avg": {"precision": 0.5848233171581436, "recall": 0.5293727126335822, "f1-score": 0.5200213149536603, "support": 205}, "weighted avg": {"precision": 0.5804181271375984, "recall": 0.5414634146341464, "f1-score": 0.5254075898537804, "support": 205}, "loss": 1.145563006401062, "Acc": 0.5414634146341464}
{"0": {"precision": 0.4, "recall": 0.17391304347826086, "f1-score": 0.24242424242424243, "support": 46}, "1": {"precision": 0.8064516129032258, "recall": 0.46296296296296297, "f1-score": 0.5882352941176471, "support": 54}, "2": {"precision": 0.47368421052631576, "recall": 0.54, "f1-score": 0.5046728971962616, "support": 50}, "3": {"precision": 0.4948453608247423, "recall": 0.8727272727272727, "f1-score": 0.6315789473684211, "support": 55}, "micro avg": {"precision": 0.526829268292683, "recall": 0.526829268292683, "f1-score": 0.526829268292683, "support": 205}, "macro avg": {"precision": 0.5437452960635709, "recall": 0.5124008197921242, "f1-score": 0.49172784527664304, "support": 205}, "weighted avg": {"precision": 0.550483377894882, "recall": 0.526829268292683, "f1-score": 0.5018863804826553, "support": 205}, "loss": 1.0844721794128418, "Acc": 0.526829268292683}
{"0": {"precision": 0.8888888888888888, "recall": 0.34782608695652173, "f1-score": 0.5, "support": 46}, "1": {"precision": 0.6590909090909091, "recall": 0.5370370370370371, "f1-score": 0.5918367346938775, "support": 54}, "2": {"precision": 0.5813953488372093, "recall": 0.5, "f1-score": 0.5376344086021505, "support": 50}, "3": {"precision": 0.48, "recall": 0.8727272727272727, "f1-score": 0.6193548387096774, "support": 55}, "micro avg": {"precision": 0.5756097560975609, "recall": 0.5756097560975609, "f1-score": 0.5756097560975609, "support": 205}, "macro avg": {"precision": 0.6523437867042519, "recall": 0.5643975991802078, "f1-score": 0.5622064955014263, "support": 205}, "weighted avg": {"precision": 0.6436564166910167, "recall": 0.5756097560975609, "f1-score": 0.5653922938176057, "support": 205}, "loss": 1.0580451488494873, "Acc": 0.5756097560975609}
