{"0": {"precision": 0.0, "recall": 0.0, "f1-score": 0.0, "support": 46}, "1": {"precision": 0.3333333333333333, "recall": 0.018518518518518517, "f1-score": 0.03508771929824561, "support": 54}, "2": {"precision": 0.125, "recall": 0.04, "f1-score": 0.06060606060606061, "support": 50}, "3": {"precision": 0.2956989247311828, "recall": 1.0, "f1-score": 0.4564315352697096, "support": 55}, "micro avg": {"precision": 0.28292682926829266, "recall": 0.28292682926829266, "f1-score": 0.28292682926829266, "support": 205}, "macro avg": {"precision": 0.18850806451612903, "recall": 0.2646296296296296, "f1-score": 0.13803132879350394, "support": 205}, "weighted avg": {"precision": 0.19762654078153685, "recall": 0.28292682926829266, "f1-score": 0.14648182591337716, "support": 205}, "loss": 1.3672688007354736, "Acc": 0.28292682926829266}
{"0": {"precision": 0.0, "recall": 0.0, "f1-score": 0.0, "support": 46}, "1": {"precision": 0.6896551724137931, "recall": 0.37037037037037035, "f1-score": 0.48192771084337355, "support": 54}, "2": {"precision": 0.42391304347826086, "recall": 0.78, "f1-score": 0.5492957746478873, "support": 50}, "3": {"precision": 0.5476190476190477, "recall": 0.8363636363636363, "f1-score": 0.6618705035971224, "support": 55}, "micro avg": {"precision": 0.5121951219512195, "recall": 0.5121951219512195, "f1-score": 0.5121951219512195, "support": 205}, "macro avg": {"precision": 0.4152968158777754, "recall": 0.4966835016835017, "f1-score": 0.4232734972720958, "support": 205}, "weighted avg": {"precision": 0.4319808736746609, "recall": 0.5121951219512195, "f1-score": 0.43849640397940615, "support": 205}, "loss": 1.2643835544586182, "Acc": 0.5121951219512195}
{"0": {"precision": 0.0, "recall": 0.0, "f1-score": 0.0, "support": 46}, "1": {"precision": 0.42105263157894735, "recall": 0.2962962962962963, "f1-score": 0.34782608695652173, "support": 54}, "2": {"precision": 0.375, "recall": 0.6, "f1-score": 0.4615384615384615, "support": 50}, "3": {"precision": 0.5287356321839081, "recall": 0.8363636363636363, "f1-score": 0.6478873239436619, "support": 55}, "micro avg": {"precision": 0.44878048780487806, "recall": 0.44878048780487806, "f1-score": 0.44878048780487806, "support": 205}, "macro avg": {"precision": 0.33119706594071385, "recall": 0.43316498316498314, "f1-score": 0.3643129681096613, "support": 205}, "weighted avg": {"precision": 0.34423074085550287, "recall": 0.44878048780487806, "f1-score": 0.3780162662901301, "support": 205}, "loss": 1.2627995014190674, "Acc": 0.44878048780487806}
{"0": {"precision": 0.0, "recall": 0.0, "f1-score": 0.0, "support": 46}, "1": {"precision": 0.75, "recall": 0.2222222222222222, "f1-score": 0.34285714285714286, "support": 54}, "2": {"precision": 0.40186915887850466, "recall": 0.86, "f1-score": 0.5477707006369427, "support": 50}, "3": {"precision": 0.5487804878048781, "recall": 0.8181818181818182, "f1-score": 0.656934306569343, "support": 55}, "micro avg": {"precision": 0.4878048780487805, "recall": 0.4878048780487805, "f1-score": 0.4878048780487805, "support": 205}, "macro avg": {"precision": 0.4251624116708457, "recall": 0.47510101010101013, "f1-score": 0.3868905375158571, "support": 205}, "weighted avg": {"precision": 0.4428116330399684, "recall": 0.4878048780487805, "f1-score": 0.40016686637778887, "support": 205}, "loss": 1.2097327709197998, "Acc": 0.4878048780487805}
{"0": {"precision": 0.0, "recall": 0.0, "f1-score": 0.0, "support": 46}, "1": {"precision": 0.8421052631578947, "recall": 0.2962962962962963, "f1-score": 0.4383561643835616, "support": 54}, "2": {"precision": 0.3963963963963964, "recall": 0.88, "f1-score": 0.5465838509316769, "support": 50}, "3": {"precision": 0.5866666666666667, "recall": 0.8, "f1-score": 0.676923076923077, "support": 55}, "micro avg": {"precision": 0.5073170731707317, "recall": 0.5073170731707317, "f1-score": 0.5073170731707317, "support": 205}, "macro avg": {"precision": 0.4562920815552394, "recall": 0.49407407407407405, "f1-score": 0.4154657730595789, "support": 205}, "weighted avg": {"precision": 0.4759032716927453, "recall": 0.5073170731707317, "f1-score": 0.4303960714832459, "support": 205}, "loss": 1.2040640115737915, "Acc": 0.5073170731707317}
{"0": {"precision": 0.0, "recall": 0.0, "f1-score": 0.0, "support": 46}, "1": {"precision": 0.5714285714285714, "recall": 0.4444444444444444, "f1-score": 0.5, "support": 54}, "2": {"precision": 0.4418604651162791, "recall": 0.76, "f1-score": 0.5588235294117647, "support": 50}, "3": {"precision": 0.5714285714285714, "recall": 0.8, "f1-score": 0.6666666666666666, "support": 55}, "micro avg": {"precision": 0.5170731707317073, "recall": 0.5170731707317073, "f1-score": 0.5170731707317073, "support": 205}, "macro avg": {"precision": 0.3961794019933555, "recall": 0.5011111111111111, "f1-score": 0.43137254901960786, "support": 205}, "weighted avg": {"precision": 0.4116035977635524, "recall": 0.5170731707317073, "f1-score": 0.4468675274988043, "support": 205}, "loss": 1.181443452835083, "Acc": 0.5170731707317073}
{"0": {"precision": 0.0, "recall": 0.0, "f1-score": 0.0, "support": 46}, "1": {"precision": 0.6363636363636364, "recall": 0.3888888888888889, "f1-score": 0.4827586206896552, "support": 54}, "2": {"precision": 0.4375, "recall": 0.84, "f1-score": 0.5753424657534247, "support": 50}, "3": {"precision": 0.5921052631578947, "recall": 0.8181818181818182, "f1-score": 0.6870229007633587, "support": 55}, "micro avg": {"precision": 0.526829268292683, "recall": 0.526829268292683, "f1-score": 0.526829268292683, "support": 205}, "macro avg": {"precision": 0.41649222488038273, "recall": 0.5117676767676768, "f1-score": 0.4362809968016097, "support": 205}, "weighted avg": {"precision": 0.4331923211576613, "recall": 0.526829268292683, "f1-score": 0.4518163333994993, "support": 205}, "loss": 1.1415963172912598, "Acc": 0.526829268292683}
{"0": {"precision": 0.0, "recall": 0.0, "f1-score": 0.0, "support": 46}, "1": {"precision": 0.5319148936170213, "recall": 0.46296296296296297, "f1-score": 0.495049504950495, "support": 54}, "2": {"precision": 0.4533333333333333, "recall": 0.68, "f1-score": 0.544, "support": 50}, "3": {"precision": 0.5421686746987951, "recall": 0.8181818181818182, "f1-score": 0.6521739130434783, "support": 55}, "micro avg": {"precision": 0.5073170731707317, "recall": 0.5073170731707317, "f1-score": 0.5073170731707317, "support": 205}, "macro avg": {"precision": 0.3818542254122874, "recall": 0.4902861952861953, "f1-score": 0.42280585449849334, "support": 205}, "weighted avg": {"precision": 0.3961431611239978, "recall": 0.5073170731707317, "f1-score": 0.4380596999254538, "support": 205}, "loss": 1.201273798942566, "Acc": 0.5073170731707317}
{"0": {"precision": 0.0, "recall": 0.0, "f1-score": 0.0, "support": 46}, "1": {"precision": 0.5319148936170213, "recall": 0.46296296296296297, "f1-score": 0.495049504950495, "support": 54}, "2": {"precision": 0.4583333333333333, "recall": 0.88, "f1-score": 0.6027397260273972, "support": 50}, "3": {"precision": 0.6129032258064516, "recall": 0.6909090909090909, "f1-score": 0.6495726495726496, "support": 55}, "micro avg": {"precision": 0.5219512195121951, "recall": 0.5219512195121951, "f1-score": 0.5219512195121951, "support": 205}, "macro avg": {"precision": 0.40078786318920157, "recall": 0.5084680134680135, "f1-score": 0.4368404701376355, "support": 205}, "weighted avg": {"precision": 0.41634023581141777, "recall": 0.5219512195121951, "f1-score": 0.45168856241557226, "support": 205}, "loss": 1.1967984437942505, "Acc": 0.5219512195121951}
{"0": {"precision": 0.0, "recall": 0.0, "f1-score": 0.0, "support": 46}, "1": {"precision": 0.5652173913043478, "recall": 0.48148148148148145, "f1-score": 0.52, "support": 54}, "2": {"precision": 0.45161290322580644, "recall": 0.84, "f1-score": 0.5874125874125874, "support": 50}, "3": {"precision": 0.6060606060606061, "recall": 0.7272727272727273, "f1-score": 0.6611570247933883, "support": 55}, "micro avg": {"precision": 0.526829268292683, "recall": 0.526829268292683,