{"0": {"precision": 0.8, "recall": 0.17391304347826086, "f1-score": 0.2857142857142857, "support": 46}, "1": {"precision": 1.0, "recall": 0.018518518518518517, "f1-score": 0.03636363636363636, "support": 54}, "2": {"precision": 0.40298507462686567, "recall": 0.54, "f1-score": 0.4615384615384615, "support": 50}, "3": {"precision": 0.3858267716535433, "recall": 0.8909090909090909, "f1-score": 0.5384615384615384, "support": 55}, "micro avg": {"precision": 0.4146341463414634, "recall": 0.4146341463414634, "f1-score": 0.4146341463414634, "support": 205}, "macro avg": {"precision": 0.6472029615701023, "recall": 0.40583516322646757, "f1-score": 0.33051948051948055, "support": 205}, "weighted avg": {"precision": 0.6447303715721374, "recall": 0.4146341463414634, "f1-score": 0.33072585950634725, "support": 205}, "loss": 1.2498054504394531, "Acc": 0.4146341463414634}
{"0": {"precision": 0.6, "recall": 0.13043478260869565, "f1-score": 0.21428571428571427, "support": 46}, "1": {"precision": 0.8, "recall": 0.07407407407407407, "f1-score": 0.13559322033898305, "support": 54}, "2": {"precision": 0.4430379746835443, "recall": 0.7, "f1-score": 0.5426356589147288, "support": 50}, "3": {"precision": 0.42342342342342343, "recall": 0.8545454545454545, "f1-score": 0.5662650602409638, "support": 55}, "micro avg": {"precision": 0.44878048780487806, "recall": 0.44878048780487806, "f1-score": 0.44878048780487806, "support": 205}, "macro avg": {"precision": 0.5666153495267419, "recall": 0.43976357780705605, "f1-score": 0.36469491344509747, "support": 205}, "weighted avg": {"precision": 0.5670253025486122, "recall": 0.44878048780487806, "f1-score": 0.36807579519237754, "support": 205}, "loss": 1.1769893169403076, "Acc": 0.44878048780487806}
{"0": {"precision": 0.5714285714285714, "recall": 0.17391304347826086, "f1-score": 0.26666666666666666, "support": 46}, "1": {"precision": 0.7727272727272727, "recall": 0.3148148148148148, "f1-score": 0.4473684210526316, "support": 54}, "2": {"precision": 0.4722222222222222, "recall": 0.68, "f1-score": 0.5573770491803278, "support": 50}, "3": {"precision": 0.4639175257731959, "recall": 0.8181818181818182, "f1-score": 0.5921052631578948, "support": 55}, "micro avg": {"precision": 0.5073170731707317, "recall": 0.5073170731707317, "f1-score": 0.5073170731707317, "support": 205}, "macro avg": {"precision": 0.5700738980378156, "recall": 0.49672741911872353, "f1-score": 0.4658793500143802, "support": 205}, "weighted avg": {"precision": 0.571412497764019, "recall": 0.5073170731707317, "f1-score": 0.47248391871321654, "support": 205}, "loss": 1.078840732574463, "Acc": 0.5073170731707317}
{"0": {"precision": 0.5714285714285714, "recall": 0.17391304347826086, "f1-score": 0.26666666666666666, "support": 46}, "1": {"precision": 0.7777777777777778, "recall": 0.5185185185185185, "f1-score": 0.6222222222222222, "support": 54}, "2": {"precision": 0.5, "recall": 0.66, "f1-score": 0.5689655172413792, "support": 50}, "3": {"precision": 0.5168539325842697, "recall": 0.8363636363636363, "f1-score": 0.638888888888889, "support": 55}, "micro avg": {"precision": 0.5609756097560976, "recall": 0.5609756097560976, "f1-score": 0.5609756097560976, "support": 205}, "macro avg": {"precision": 0.5915150704476547, "recall": 0.547198799590104, "f1-score": 0.5241858237547893, "support": 205}, "weighted avg": {"precision": 0.5937203930626787, "recall": 0.5609756097560976, "f1-score": 0.533921128866461, "support": 205}, "loss": 1.0278639793395996, "Acc": 0.5609756097560976}
{"0": {"precision": 0.6, "recall": 0.1956521739130435, "f1-score": 0.29508196721311475, "support": 46}, "1": {"precision": 0.9230769230769231, "recall": 0.4444444444444444, "f1-score": 0.6, "support": 54}, "2": {"precision": 0.5, "recall": 0.66, "f1-score": 0.5689655172413792, "support": 50}, "3": {"precision": 0.47959183673469385, "recall": 0.8545454545454545, "f1-score": 0.6143790849673202, "support": 55}, "micro avg": {"precision": 0.551219512195122, "recall": 0.551219512195122, "f1-score": 0.551219512195122, "support": 205}, "macro avg": {"precision": 0.6256671899529043, "recall": 0.5386605182257356, "f1-score": 0.5196066423554535, "support": 205}, "weighted avg": {"precision": 0.6284083164222538, "recall": 0.551219512195122, "f1-score": 0.5278677854979261, "support": 205}, "loss": 1.0301223993301392, "Acc": 0.551219512195122}
{"0": {"precision": 0.5625, "recall": 0.1956521739130435, "f1-score": 0.2903225806451613, "support": 46}, "1": {"precision": 0.896551724137931, "recall": 0.48148148148148145, "f1-score": 0.6265060240963856, "support": 54}, "2": {"precision": 0.5, "recall": 0.64, "f1-score": 0.5614035087719298, "support": 50}, "3": {"precision": 0.5, "recall": 0.8727272727272727, "f1-score": 0.6357615894039735, "support": 55}, "micro avg": {"precision": 0.5609756097560976, "recall": 0.5609756097560976, "f1-score": 0.5609756097560976, "support": 205}, "macro avg": {"precision": 0.6147629310344828, "recall": 0.5474652320304494, "f1-score": 0.5284984257293626, "support": 205}, "weighted avg": {"precision": 0.6184819175777965, "recall": 0.5609756097560976, "f1-score": 0.5376742773985232, "support": 205}, "loss": 1.0052776336669922, "Acc": 0.5609756097560976}
{"0": {"precision": 0.5625, "recall": 0.1956521739130435, "f1-score": 0.2903225806451613, "support": 46}, "1": {"precision": 0.8484848484848485, "recall": 0.5185185185185185, "f1-score": 0.6436781609195402, "support": 54}, "2": {"precision": 0.515625, "recall": 0.66, "f1-score": 0.5789473684210525, "support": 50}, "3": {"precision": 0.5108695652173914, "recall": 0.8545454545454545, "f1-score": 0.6394557823129252, "support": 55}, "micro avg": {"precision": 0.5707317073170731, "recall": 0.5707317073170731, "f1-score": 0.5707317073170731, "support": 205}, "macro avg": {"precision": 0.60936985342556, "recall": 0.5571790367442542, "f1-score": 0.5381009730746698, "support": 205}, "weighted avg": {"precision": 0.6125475995372602, "recall": 0.5707317073170731, "f1-score": 0.5474677846224201, "support": 205}, "loss": 0.979891836643219, "Acc": 0.5707317073170731}
