{"0": {"precision": 0.5238095238095238, "recall": 0.2391304347826087, "f1-score": 0.32835820895522383, "support": 46}, "1": {"precision": 0.0, "recall": 0.0, "f1-score": 0.0, "support": 54}, "2": {"precision": 0.43283582089552236, "recall": 0.58, "f1-score": 0.4957264957264957, "support": 50}, "3": {"precision": 0.42735042735042733, "recall": 0.9090909090909091, "f1-score": 0.5813953488372093, "support": 55}, "micro avg": {"precision": 0.43902439024390244, "recall": 0.43902439024390244, "f1-score": 0.43902439024390244, "support": 205}, "macro avg": {"precision": 0.3459989430138684, "recall": 0.4320553359683794, "f1-score": 0.35137001337973217, "support": 205}, "weighted avg": {"precision": 0.3377624519233547, "recall": 0.43902439024390244, "f1-score": 0.3505733979722517, "support": 205}, "loss": 1.2250540256500244, "Acc": 0.43902439024390244}
{"0": {"precision": 0.3333333333333333, "recall": 0.021739130434782608, "f1-score": 0.04081632653061224, "support": 46}, "1": {"precision": 0.8461538461538461, "recall": 0.2037037037037037, "f1-score": 0.3283582089552239, "support": 54}, "2": {"precision": 0.40963855421686746, "recall": 0.68, "f1-score": 0.5112781954887219, "support": 50}, "3": {"precision": 0.4528301886792453, "recall": 0.8727272727272727, "f1-score": 0.5962732919254659, "support": 55}, "micro avg": {"precision": 0.4585365853658537, "recall": 0.4585365853658537, "f1-score": 0.4585365853658537, "support": 205}, "macro avg": {"precision": 0.510488980595823, "recall": 0.4445425267164398, "f1-score": 0.36918150572500597, "support": 205}, "weighted avg": {"precision": 0.5190889225065506, "recall": 0.4585365853658537, "f1-score": 0.3803309030942779, "support": 205}, "loss": 1.1631808280944824, "Acc": 0.4585365853658537}
{"0": {"precision": 0.3333333333333333, "recall": 0.043478260869565216, "f1-score": 0.07692307692307691, "support": 46}, "1": {"precision": 0.7777777777777778, "recall": 0.25925925925925924, "f1-score": 0.3888888888888889, "support": 54}, "2": {"precision": 0.40789473684210525, "recall": 0.62, "f1-score": 0.49206349206349215, "support": 50}, "3": {"precision": 0.47619047619047616, "recall": 0.9090909090909091, "f1-score": 0.6249999999999999, "support": 55}, "micro avg": {"precision": 0.47317073170731705, "recall": 0.47317073170731705, "f1-score": 0.47317073170731705, "support": 205}, "macro avg": {"precision": 0.4987990810359232, "recall": 0.4579571073049334, "f1-score": 0.3957188644688645, "support": 205}, "weighted avg": {"precision": 0.506919738370316, "recall": 0.47317073170731705, "f1-score": 0.40739822508115187, "support": 205}, "loss": 1.1340252161026, "Acc": 0.47317073170731705}
{"0": {"precision": 0.6666666666666666, "recall": 0.043478260869565216, "f1-score": 0.08163265306122448, "support": 46}, "1": {"precision": 0.7307692307692307, "recall": 0.35185185185185186, "f1-score": 0.47500000000000003, "support": 54}, "2": {"precision": 0.44594594594594594, "recall": 0.66, "f1-score": 0.532258064516129, "support": 50}, "3": {"precision": 0.49019607843137253, "recall": 0.9090909090909091, "f1-score": 0.6369426751592357, "support": 55}, "micro avg": {"precision": 0.5073170731707317, "recall": 0.5073170731707317, "f1-score": 0.5073170731707317, "support": 205}, "macro avg": {"precision": 0.583394480453304, "recall": 0.4911052554530816, "f1-score": 0.43145834818414736, "support": 205}, "weighted avg": {"precision": 0.5823721304352582, "recall": 0.5073170731707317, "f1-score": 0.4441456214652719, "support": 205}, "loss": 1.1150656938552856, "Acc": 0.5073170731707317}
{"0": {"precision": 0.2, "recall": 0.021739130434782608, "f1-score": 0.0392156862745098, "support": 46}, "1": {"precision": 0.7931034482758621, "recall": 0.42592592592592593, "f1-score": 0.5542168674698795, "support": 54}, "2": {"precision": 0.4342105263157895, "recall": 0.66, "f1-score": 0.5238095238095238, "support": 50}, "3": {"precision": 0.5157894736842106, "recall": 0.8909090909090909, "f1-score": 0.6533333333333333, "support": 55}, "micro avg": {"precision": 0.5170731707317073, "recall": 0.5170731707317073, "f1-score": 0.5170731707317073, "support": 205}, "macro avg": {"precision": 0.48577586206896556, "recall": 0.49964353681744983, "f1-score": 0.4426438527218116, "support": 205}, "weighted avg": {"precision": 0.4980806515869153, "recall": 0.5170731707317073, "f1-score": 0.4578314240771242, "support": 205}, "loss": 1.0885674953460693, "Acc": 0.5170731707317073}
{"0": {"precision": 0.3333333333333333, "recall": 0.043478260869565216, "f1-score": 0.07692307692307691, "support": 46}, "1": {"precision": 0.7857142857142857, "recall": 0.4074074074074074, "f1-score": 0.5365853658536585, "support": 54}, "2": {"precision": 0.4533333333333333, "recall": 0.68, "f1-score": 0.544, "support": 50}, "3": {"precision": 0.5104166666666666, "recall": 0.8909090909090909, "f1-score": 0.6490066225165562, "support": 55}, "micro avg": {"precision": 0.5219512195121951, "recall": 0.5219512195121951, "f1-score": 0.5219512195121951, "support": 205}, "macro avg": {"precision": 0.5206994047619048, "recall": 0.5054486897965158, "f1-score": 0.45162876632332283, "support": 205}, "weighted avg": {"precision": 0.5292755516840881, "recall": 0.5219512195121951, "f1-score": 0.46541188064863265, "support": 205}, "loss": 1.0750880241394043, "Acc": 0.5219512195121951}
{"0": {"precision": 0.375, "recall": 0.06521739130434782, "f1-score": 0.11111111111111109, "support": 46}, "1": {"precision": 0.7419354838709677, "recall": 0.42592592592592593, "f1-score": 0.5411764705882354, "support": 54}, "2": {"precision": 0.44594594594594594, "recall": 0.66, "f1-score": 0.532258064516129, "support": 50}, "3": {"precision": 0.5108695652173914, "recall": 0.8545454545454545, "f1-score": 0.6394557823129252, "support": 55}, "micro avg": {"precision": 0.5170731707317073, "recall": 0.5170731707317073, "f1-score": 0.5170731707317073, "support": 205}, "macro avg": {"precision": 0.5184377487585763, "recall": 0.5014221929439321, "f1-score": 0.45600035713210013, "support": 205}, "weighted avg": {"precision": 0.5254128756745662, "recall": 0.5170731707317073, "f1-score": 0.4688663989067959, "support": 205}, "loss": 1.0703763961791992, "Acc": 0.5170731707317073}
