{"0": {"precision": 0.6875, "recall": 0.2391304347826087, "f1-score": 0.3548387096774194, "support": 46}, "1": {"precision": 0.0, "recall": 0.0, "f1-score": 0.0, "support": 54}, "2": {"precision": 0.33884297520661155, "recall": 0.82, "f1-score": 0.47953216374269003, "support": 50}, "3": {"precision": 0.6119402985074627, "recall": 0.7454545454545455, "f1-score": 0.6721311475409837, "support": 55}, "micro avg": {"precision": 0.45365853658536587, "recall": 0.45365853658536587, "f1-score": 0.45365853658536587, "support": 205}, "macro avg": {"precision": 0.40957081842851856, "recall": 0.4511462450592886, "f1-score": 0.3766255052402733, "support": 205}, "weighted avg": {"precision": 0.4010920252597123, "recall": 0.45365853658536587, "f1-score": 0.37690927779048733, "support": 205}, "loss": 1.2116872072219849, "Acc": 0.45365853658536587}
{"0": {"precision": 0.56, "recall": 0.30434782608695654, "f1-score": 0.3943661971830986, "support": 46}, "1": {"precision": 0.8461538461538461, "recall": 0.2037037037037037, "f1-score": 0.3283582089552239, "support": 54}, "2": {"precision": 0.4788732394366197, "recall": 0.68, "f1-score": 0.5619834710743802, "support": 50}, "3": {"precision": 0.5, "recall": 0.8727272727272727, "f1-score": 0.6357615894039735, "support": 55}, "micro avg": {"precision": 0.5219512195121951, "recall": 0.5219512195121951, "f1-score": 0.5219512195121951, "support": 205}, "macro avg": {"precision": 0.5962567713976166, "recall": 0.5151947006294832, "f1-score": 0.48011736665416904, "support": 205}, "weighted avg": {"precision": 0.5994925349470179, "recall": 0.5219512195121951, "f1-score": 0.4826256064631326, "support": 205}, "loss": 1.162806510925293, "Acc": 0.5219512195121951}
{"0": {"precision": 0.55, "recall": 0.2391304347826087, "f1-score": 0.33333333333333337, "support": 46}, "1": {"precision": 0.8235294117647058, "recall": 0.25925925925925924, "f1-score": 0.39436619718309857, "support": 54}, "2": {"precision": 0.48, "recall": 0.72, "f1-score": 0.576, "support": 50}, "3": {"precision": 0.5053763440860215, "recall": 0.8545454545454545, "f1-score": 0.6351351351351351, "support": 55}, "micro avg": {"precision": 0.526829268292683, "recall": 0.526829268292683, "f1-score": 0.526829268292683, "support": 205}, "macro avg": {"precision": 0.5897264389626818, "recall": 0.5182337871468305, "f1-score": 0.4847086664128918, "support": 205}, "weighted avg": {"precision": 0.5930062788293917, "recall": 0.526829268292683, "f1-score": 0.4895684898226979, "support": 205}, "loss": 1.120397925376892, "Acc": 0.526829268292683}
{"0": {"precision": 0.5217391304347826, "recall": 0.2608695652173913, "f1-score": 0.3478260869565218, "support": 46}, "1": {"precision": 0.7727272727272727, "recall": 0.3148148148148148, "f1-score": 0.4473684210526316, "support": 54}, "2": {"precision": 0.4861111111111111, "recall": 0.7, "f1-score": 0.5737704918032787, "support": 50}, "3": {"precision": 0.5454545454545454, "recall": 0.8727272727272727, "f1-score": 0.6713286713286714, "support": 55}, "micro avg": {"precision": 0.5463414634146342, "recall": 0.5463414634146342, "f1-score": 0.5463414634146342, "support": 205}, "macro avg": {"precision": 0.5815080149319279, "recall": 0.5371029131898697, "f1-score": 0.5100734177852758, "support": 205}, "weighted avg": {"precision": 0.5855259916235526, "recall": 0.5463414634146342, "f1-score": 0.5159487621955267, "support": 205}, "loss": 1.0871933698654175, "Acc": 0.5463414634146342}
{"0": {"precision": 0.5625, "recall": 0.1956521739130435, "f1-score": 0.2903225806451613, "support": 46}, "1": {"precision": 0.7916666666666666, "recall": 0.35185185185185186, "f1-score": 0.48717948717948717, "support": 54}, "2": {"precision": 0.475, "recall": 0.76, "f1-score": 0.5846153846153846, "support": 50}, "3": {"precision": 0.5529411764705883, "recall": 0.8545454545454545, "f1-score": 0.6714285714285715, "support": 55}, "micro avg": {"precision": 0.551219512195122, "recall": 0.551219512195122, "f1-score": 0.551219512195122, "support": 205}, "macro avg": {"precision": 0.5955269607843137, "recall": 0.5405123700775875, "f1-score": 0.5083865059671511, "support": 205}, "weighted avg": {"precision": 0.5989598278335724, "recall": 0.551219512195122, "f1-score": 0.5162042520815141, "support": 205}, "loss": 1.0715097188949585, "Acc": 0.551219512195122}
