{"0": {"precision": 0.4666666666666667, "recall": 0.30434782608695654, "f1-score": 0.3684210526315789, "support": 46}, "1": {"precision": 0.6666666666666666, "recall": 0.2222222222222222, "f1-score": 0.3333333333333333, "support": 54}, "2": {"precision": 0.4897959183673469, "recall": 0.48, "f1-score": 0.48484848484848486, "support": 50}, "3": {"precision": 0.4444444444444444, "recall": 0.8727272727272727, "f1-score": 0.5889570552147239, "support": 55}, "micro avg": {"precision": 0.47804878048780486, "recall": 0.47804878048780486, "f1-score": 0.47804878048780486, "support": 205}, "macro avg": {"precision": 0.5168934240362812, "recall": 0.46982433025911285, "f1-score": 0.44388998150703024, "support": 205}, "weighted avg": {"precision": 0.5190288147779437, "recall": 0.47804878048780486, "f1-score": 0.4467435643916424, "support": 205}, "loss": 1.2099846601486206, "Acc": 0.47804878048780486}
{"0": {"precision": 0.5909090909090909, "recall": 0.2826086956521739, "f1-score": 0.38235294117647056, "support": 46}, "1": {"precision": 0.75, "recall": 0.16666666666666666, "f1-score": 0.27272727272727276, "support": 54}, "2": {"precision": 0.46938775510204084, "recall": 0.46, "f1-score": 0.46464646464646464, "support": 50}, "3": {"precision": 0.4016393442622951, "recall": 0.8909090909090909, "f1-score": 0.5536723163841807, "support": 55}, "micro avg": {"precision": 0.4585365853658537, "recall": 0.4585365853658537, "f1-score": 0.4585365853658537, "support": 205}, "macro avg": {"precision": 0.5529840475683567, "recall": 0.45004611330698285, "f1-score": 0.4183497487335972, "support": 205}, "weighted avg": {"precision": 0.5523969262016901, "recall": 0.4585365853658537, "f1-score": 0.41951126173094416, "support": 205}, "loss": 1.2321827411651611, "Acc": 0.4585365853658537}
{"0": {"precision": 0.5, "recall": 0.30434782608695654, "f1-score": 0.3783783783783784, "support": 46}, "1": {"precision": 0.7058823529411765, "recall": 0.2222222222222222, "f1-score": 0.3380281690140845, "support": 54}, "2": {"precision": 0.46511627906976744, "recall": 0.4, "f1-score": 0.4301075268817204, "support": 50}, "3": {"precision": 0.42735042735042733, "recall": 0.9090909090909091, "f1-score": 0.5813953488372093, "support": 55}, "micro avg": {"precision": 0.4682926829268293, "recall": 0.4682926829268293, "f1-score": 0.4682926829268293, "support": 205}, "macro avg": {"precision": 0.5245872648403428, "recall": 0.458915239350022, "f1-score": 0.4319773557778481, "support": 205}, "weighted avg": {"precision": 0.5262328513004166, "recall": 0.4682926829268293, "f1-score": 0.43483437591365126, "support": 205}, "loss": 1.1809039115905762, "Acc": 0.4682926829268293}
{"0": {"precision": 0.4, "recall": 0.30434782608695654, "f1-score": 0.34567901234567905, "support": 46}, "1": {"precision": 0.6296296296296297, "recall": 0.3148148148148148, "f1-score": 0.4197530864197531, "support": 54}, "2": {"precision": 0.4583333333333333, "recall": 0.44, "f1-score": 0.4489795918367347, "support": 50}, "3": {"precision": 0.4842105263157895, "recall": 0.8363636363636363, "f1-score": 0.6133333333333333, "support": 55}, "micro avg": {"precision": 0.48292682926829267, "recall": 0.48292682926829267, "f1-score": 0.48292682926829267, "support": 205}, "macro avg": {"precision": 0.4930433723196881, "recall": 0.47388156931635195, "f1-score": 0.45693625598387505, "support": 205}, "weighted avg": {"precision": 0.4973085151904151, "recall": 0.48292682926829267, "f1-score": 0.46219616663286817, "support": 205}, "loss": 1.1425505876541138, "Acc": 0.48292682926829267}
{"0": {"precision": 0.42105263157894735, "recall": 0.17391304347826086, "f1-score": 0.24615384615384617, "support": 46}, "1": {"precision": 0.7058823529411765, "recall": 0.4444444444444444, "f1-score": 0.5454545454545455, "support": 54}, "2": {"precision": 0.4444444444444444, "recall": 0.56, "f1-score": 0.4955752212389381, "support": 50}, "3": {"precision": 0.5168539325842697, "recall": 0.8363636363636363, "f1-score": 0.638888888888889, "support": 55}, "micro avg": {"precision": 0.5170731707317073, "recall": 0.5170731707317073, "f1-score": 0.5170731707317073, "support": 205}, "macro avg": {"precision": 0.5220583403872096, "recall": 0.5036802810715855, "f1-score": 0.4815181254340547, "support": 205}, "weighted avg": {"precision": 0.5274890567112789, "recall": 0.5170731707317073, "f1-score": 0.4911964503827228, "support": 205}, "loss": 1.1252915859222412, "Acc": 0.5170731707317073}
