{"0": {"precision": 0.7333333333333333, "recall": 0.2391304347826087, "f1-score": 0.36065573770491804, "support": 46}, "1": {"precision": 0.8421052631578947, "recall": 0.2962962962962963, "f1-score": 0.4383561643835616, "support": 54}, "2": {"precision": 0.6153846153846154, "recall": 0.32, "f1-score": 0.4210526315789474, "support": 50}, "3": {"precision": 0.3448275862068966, "recall": 0.9090909090909091, "f1-score": 0.5000000000000001, "support": 55}, "micro avg": {"precision": 0.45365853658536587, "recall": 0.45365853658536587, "f1-score": 0.45365853658536587, "support": 205}, "macro avg": {"precision": 0.633912699520685, "recall": 0.44112941004245354, "f1-score": 0.43001613341685674, "support": 205}, "weighted avg": {"precision": 0.6289842222169255, "recall": 0.45365853658536587, "f1-score": 0.4332391628784679, "support": 205}, "loss": 1.3057907819747925, "Acc": 0.45365853658536587}
{"0": {"precision": 0.631578947368421, "recall": 0.2608695652173913, "f1-score": 0.3692307692307692, "support": 46}, "1": {"precision": 0.559322033898305, "recall": 0.6111111111111112, "f1-score": 0.5840707964601771, "support": 54}, "2": {"precision": 0.4666666666666667, "recall": 0.56, "f1-score": 0.509090909090909, "support": 50}, "3": {"precision": 0.5970149253731343, "recall": 0.7272727272727273, "f1-score": 0.6557377049180327, "support": 55}, "micro avg": {"precision": 0.551219512195122, "recall": 0.551219512195122, "f1-score": 0.551219512195122, "support": 205}, "macro avg": {"precision": 0.5636456433266318, "recall": 0.5398133509003075, "f1-score": 0.529532544924972, "support": 205}, "weighted avg": {"precision": 0.5630496372600564, "recall": 0.551219512195122, "f1-score": 0.5368027200902546, "support": 205}, "loss": 1.1484217643737793, "Acc": 0.551219512195122}
{"0": {"precision": 0.43902439024390244, "recall": 0.391304347826087, "f1-score": 0.4137931034482759, "support": 46}, "1": {"precision": 0.7, "recall": 0.3888888888888889, "f1-score": 0.5, "support": 54}, "2": {"precision": 0.5581395348837209, "recall": 0.48, "f1-score": 0.5161290322580644, "support": 50}, "3": {"precision": 0.5054945054945055, "recall": 0.8363636363636363, "f1-score": 0.6301369863013698, "support": 55}, "micro avg": {"precision": 0.5317073170731708, "recall": 0.5317073170731708, "f1-score": 0.5317073170731708, "support": 205}, "macro avg": {"precision": 0.5506646076555322, "recall": 0.524139218269653, "f1-score": 0.5150147805019275, "support": 205}, "weighted avg": {"precision": 0.5546551048663578, "recall": 0.5317073170731708, "f1-score": 0.5195047249663378, "support": 205}, "loss": 1.13992178440094, "Acc": 0.5317073170731708}
{"0": {"precision": 0.46296296296296297, "recall": 0.5434782608695652, "f1-score": 0.5, "support": 46}, "1": {"precision": 0.6896551724137931, "recall": 0.37037037037037035, "f1-score": 0.48192771084337355, "support": 54}, "2": {"precision": 0.5925925925925926, "recall": 0.32, "f1-score": 0.41558441558441556, "support": 50}, "3": {"precision": 0.5157894736842106, "recall": 0.8909090909090909, "f1-score": 0.6533333333333333, "support": 55}, "micro avg": {"precision": 0.5365853658536586, "recall": 0.5365853658536586, "f1-score": 0.5365853658536586, "support": 205}, "macro avg": {"precision": 0.5652500504133898, "recall": 0.5311894305372566, "f1-score": 0.5127113649402806, "support": 205}, "weighted avg": {"precision": 0.5684669575068407, "recall": 0.5365853658536586, "f1-score": 0.5157885390151038, "support": 205}, "loss": 1.1306740045547485, "Acc": 0.5365853658536586}
{"0": {"precision": 0.4090909090909091, "recall": 0.391304347826087, "f1-score": 0.4, "support": 46}, "1": {"precision": 0.7241379310344828, "recall": 0.3888888888888889, "f1-score": 0.5060240963855421, "support": 54}, "2": {"precision": 0.4666666666666667, "recall": 0.42, "f1-score": 0.4421052631578947, "support": 50}, "3": {"precision": 0.5517241379310345, "recall": 0.8727272727272727, "f1-score": 0.6760563380281689, "support": 55}, "micro avg": {"precision": 0.526829268292683, "recall": 0.526829268292683, "f1-score": 0.526829268292683, "support": 205}, "macro avg": {"precision": 0.5379049111807732, "recall": 0.5182301273605622, "f1-score": 0.5060464243929015, "support": 205}, "weighted avg": {"precision": 0.5443892244565078, "recall": 0.526829268292683, "f1-score": 0.5122617705086016, "support": 205}, "loss": 1.10396409034729, "Acc": 0.526829268292683}
