{"0": {"precision": 0.0, "recall": 0.0, "f1-score": 0.0, "support": 46}, "1": {"precision": 0.25471698113207547, "recall": 0.5, "f1-score": 0.33749999999999997, "support": 54}, "2": {"precision": 0.35555555555555557, "recall": 0.64, "f1-score": 0.4571428571428572, "support": 50}, "3": {"precision": 0.5555555555555556, "recall": 0.09090909090909091, "f1-score": 0.15625, "support": 55}, "micro avg": {"precision": 0.3121951219512195, "recall": 0.3121951219512195, "f1-score": 0.3121951219512195, "support": 205}, "macro avg": {"precision": 0.2914570230607967, "recall": 0.30772727272727274, "f1-score": 0.2377232142857143, "support": 205}, "weighted avg": {"precision": 0.3028685381193435, "recall": 0.3121951219512195, "f1-score": 0.24232142857142858, "support": 205}, "loss": 1.2664449214935303, "Acc": 0.3121951219512195}
{"0": {"precision": 0.0, "recall": 0.0, "f1-score": 0.0, "support": 46}, "1": {"precision": 0.2777777777777778, "recall": 0.18518518518518517, "f1-score": 0.22222222222222224, "support": 54}, "2": {"precision": 0.3541666666666667, "recall": 0.68, "f1-score": 0.46575342465753433, "support": 50}, "3": {"precision": 0.589041095890411, "recall": 0.7818181818181819, "f1-score": 0.671875, "support": 55}, "micro avg": {"precision": 0.424390243902439, "recall": 0.424390243902439, "f1-score": 0.42439024390243896, "support": 205}, "macro avg": {"precision": 0.3052463850837138, "recall": 0.41175084175084176, "f1-score": 0.33996266171993916, "support": 205}, "weighted avg": {"precision": 0.31758826149905334, "recall": 0.424390243902439, "f1-score": 0.35239412796525227, "support": 205}, "loss": 1.246129035949707, "Acc": 0.424390243902439}
{"0": {"precision": 0.0, "recall": 0.0, "f1-score": 0.0, "support": 46}, "1": {"precision": 0.5625, "recall": 0.16666666666666666, "f1-score": 0.2571428571428572, "support": 54}, "2": {"precision": 0.36633663366336633, "recall": 0.74, "f1-score": 0.4900662251655629, "support": 50}, "3": {"precision": 0.5454545454545454, "recall": 0.8727272727272727, "f1-score": 0.6713286713286714, "support": 55}, "micro avg": {"precision": 0.4585365853658537, "recall": 0.4585365853658537, "f1-score": 0.4585365853658537, "support": 205}, "macro avg": {"precision": 0.3685727947794779, "recall": 0.4448484848484848, "f1-score": 0.3546344384092729, "support": 205}, "weighted avg": {"precision": 0.3838625935764308, "recall": 0.4585365853658537, "f1-score": 0.3673761095954603, "support": 205}, "loss": 1.1726640462875366, "Acc": 0.4585365853658537}
{"0": {"precision": 0.0, "recall": 0.0, "f1-score": 0.0, "support": 46}, "1": {"precision": 0.574468085106383, "recall": 0.5, "f1-score": 0.5346534653465347, "support": 54}, "2": {"precision": 0.4117647058823529, "recall": 0.7, "f1-score": 0.5185185185185185, "support": 50}, "3": {"precision": 0.6438356164383562, "recall": 0.8545454545454545, "f1-score": 0.7343750000000001, "support": 55}, "micro avg": {"precision": 0.5317073170731708, "recall": 0.5317073170731708, "f1-score": 0.5317073170731708, "support": 205}, "macro avg": {"precision": 0.40751710185677303, "recall": 0.5136363636363637, "f1-score": 0.4468867459662633, "support": 205}, "weighted avg": {"precision": 0.4244901014340094, "recall": 0.5317073170731708, "f1-score": 0.4643309173397015, "support": 205}, "loss": 1.099989414215088, "Acc": 0.5317073170731708}
{"0": {"precision": 0.0, "recall": 0.0, "f1-score": 0.0, "support": 46}, "1": {"precision": 0.56, "recall": 0.25925925925925924, "f1-score": 0.35443037974683544, "support": 54}, "2": {"precision": 0.37777777777777777, "recall": 0.68, "f1-score": 0.48571428571428565, "support": 50}, "3": {"precision": 0.5333333333333333, "recall": 0.8727272727272727, "f1-score": 0.6620689655172414, "support": 55}, "micro avg": {"precision": 0.4682926829268293, "recall": 0.4682926829268293, "f1-score": 0.4682926829268293, "support": 205}, "macro avg": {"precision": 0.36777777777777776, "recall": 0.45299663299663295, "f1-score": 0.3755534077445906, "support": 205}, "weighted avg": {"precision": 0.38274254742547426, "recall": 0.4682926829268293, "f1-score": 0.38945730680727647, "support": 205}, "loss": 1.1288909912109375, "Acc": 0.4682926829268293}
{"0": {"precision": 0.0, "recall": 0.0, "f1-score": 0.0, "support": 46}, "1": {"precision": 0.48214285714285715, "recall": 0.5, "f1-score": 0.4909090909090909, "support": 54}, "2": {"precision": 0.4657534246575342, "recall": 0.68, "f1-score": 0.5528455284552846, "support": 50}, "3": {"precision": 0.6052631578947368, "recall": 0.8363636363636363, "f1-score": 0.7022900763358779, "support": 55}, "micro avg": {"precision": 0.5219512195121951, "recall": 0.5219512195121951, "f1-score": 0.5219512195121951, "support": 205}, "macro avg": {"precision": 0.38828985992378207, "recall": 0.5040909090909091, "f1-score": 0.43651117392506333, "support": 205}, "weighted avg": {"precision": 0.40298955708683676, "recall": 0.5219512195121951, "f1-score": 0.4525723001479436, "support": 205}, "loss": 1.086059331893921, "Acc": 0.5219512195121951}
{"0": {"precision": 0.7142857142857143, "recall": 0.10869565217391304, "f1-score": 0.18867924528301885, "support": 46}, "1": {"precision": 0.5333333333333333, "recall": 0.4444444444444444, "f1-score": 0.4848484848484848, "support": 54}, "2": {"precision": 0.4606741573033708, "recall": 0.82, "f1-score": 0.5899280575539568, "support": 50}, "3": {"precision": 0.640625, "recall": 0.7454545454545455, "f1-score": 0.6890756302521008, "support": 55}, "micro avg": {"precision": 0.5414634146341464, "recall": 0.5414634146341464, "f1-score": 0.5414634146341464, "support": 205}, "macro avg": {"precision": 0.5872295512306046, "recall": 0.5296486605182258, "f1-score": 0.4881328544843903, "support": 205}, "weighted avg": {"precision": 0.5850011010844458, "recall": 0.5414634146341464, "f1-score": 0.49881280978731923, "support": 205}, "loss": 1.0766123533248901, "Acc": 0.5414634146341464}
{"0": {"precision": 0.75, "recall": 0.06521739130434782, "f1-score": 0.12, "support": 46}, "1": {"precision": 0.47058823529411764, "recall": 0.7407407407407407, "f1-score": 0.5755395683453237, "support": 54}, "2": {"precision": 0.4383561643835616, "recall": 0.64, "f1-score": 0.5203252032520325, "support": 50}, "3": {"precision": 0.6744186046511628, "recall": 0.5272727272727272, "f1-score": 0.5918367346938775, "support": 55}, "micro avg": {"precision": 0.5073170731707317, "recall": 0.5073170731707317, "f1-score": 0.5073170731707317, "support": 205}, "macro avg": {"precision": 0.5833407510822105, "recall": 0.4933077148294539, "f1-score": 0.4519253765728084, "support": 205}, "weighted avg": {"precision": 0.5801102252725581, "recall": 0.5073170731707317, "f1-score": 0.4642264256654262, "support": 205}, "loss": 1.2847578525543213, "Acc": 0.5073170731707317}
{"0": {"precision": 0.25, "recall": 0.021739130434782608, "f1-score": 0.04, "support": 46}, "1": {"precision": 0.5072463768115942, "recall": 0.6481481481481481, "f1-score": 0.5691056910569106, "support": 54}, "2": {"precision": 0.49333333333333335, "recall": 0.74, "f1-score": 0.592, "support": 50}, "3": {"precision": 0.631578947368421, "recall": 0.6545454545454545, "f1-score": 0.6428571428571428, "support": 55}, "micro avg": {"precision": 0.5317073170731708, "recall": 0.5317073170731708, "f1-score": 0.5317073170731708, "support": 205}, "macro avg": {"precision": 0.47053966437833716, "recall": 0.5161081832820964, "f1-score": 0.4609907084785133, "support": 205}, "weighted avg": {"precision": 0.4794868932671021, "recall": 0.5317073170731708, "f1-score": 0.47575048865471226, "support": 205}, "loss": 1.0949712991714478, "Acc": 0.5317073170731708}
{"0": {"precision": 0.5, "recall": 0.06521739130434782, "f1-score": 0.11538461538461539, "support": 46}, "1": {"precision": 0.6140350877192983, "recall": 0.6481481481481481, "f1-score": 0.6306306306306307, "support": 54}, "2": {"precision": 0.5131578947368421, "recall": 0.78, "f1-score": 0.6190476190476191, "support": 50}, "3": {"precision": 0.6060606060606061, "recall": 0.7272727272727273,