{"0": {"precision": 0.9767441860465116, "recall": 0.9545454545454546, "f1-score": 0.9655172413793104, "support": 44}, "1": {"precision": 0.7746478873239436, "recall": 0.7432432432432432, "f1-score": 0.7586206896551724, "support": 74}, "2": {"precision": 0.7297297297297297, "recall": 0.627906976744186, "f1-score": 0.675, "support": 43}, "3": {"precision": 0.6296296296296297, "recall": 0.7727272727272727, "f1-score": 0.6938775510204083, "support": 44}, "micro avg": {"precision": 0.7707317073170732, "recall": 0.7707317073170732, "f1-score": 0.7707317073170732, "support": 205}, "macro avg": {"precision": 0.7776878581824537, "recall": 0.7746057368150392, "f1-score": 0.7732538705137229, "support": 205}, "weighted avg": {"precision": 0.7774769264882947, "recall": 0.7707317073170732, "f1-score": 0.7715917165857091, "support": 205}, "acc": 0.7707317073170732, "fold": 0, "modelname": "bertTextEnc"}
{"0": {"precision": 0.9024390243902439, "recall": 0.8809523809523809, "f1-score": 0.8915662650602411, "support": 42}, "1": {"precision": 0.7666666666666667, "recall": 0.7419354838709677, "f1-score": 0.7540983606557377, "support": 62}, "2": {"precision": 0.7358490566037735, "recall": 0.75, "f1-score": 0.7428571428571428, "support": 52}, "3": {"precision": 0.7058823529411765, "recall": 0.7346938775510204, "f1-score": 0.7200000000000001, "support": 49}, "micro avg": {"precision": 0.7707317073170732, "recall": 0.7707317073170732, "f1-score": 0.7707317073170732, "support": 205}, "macro avg": {"precision": 0.7777092751504652, "recall": 0.7768954355935922, "f1-score": 0.7771304421432804, "support": 205}, "weighted avg": {"precision": 0.7721373590011583, "recall": 0.7707317073170732, "f1-score": 0.7712607459597915, "support": 205}, "acc": 0.7707317073170732, "fold": 1, "modelname": "bertTextEnc"}
{"0": {"precision": 0.9302325581395349, "recall": 0.8333333333333334, "f1-score": 0.8791208791208791, "support": 48}, "1": {"precision": 0.8, "recall": 0.5797101449275363, "f1-score": 0.6722689075630253, "support": 69}, "2": {"precision": 0.6296296296296297, "recall": 0.8095238095238095, "f1-score": 0.7083333333333334, "support": 42}, "3": {"precision": 0.5689655172413793, "recall": 0.717391304347826, "f1-score": 0.6346153846153846, "support": 46}, "micro avg": {"precision": 0.7170731707317073, "recall": 0.7170731707317073, "f1-score": 0.7170731707317072, "support": 205}, "macro avg": {"precision": 0.7322069262526361, "recall": 0.7349896480331264, "f1-score": 0.7235846261581556, "support": 205}, "weighted avg": {"precision": 0.7437464440402223, "recall": 0.7170731707317073, "f1-score": 0.7196422659119932, "support": 205}, "acc": 0.7170731707317073, "fold": 2, "modelname": "bertTextEnc"}
{"0": {"precision": 0.927536231884058, "recall": 0.8767123287671232, "f1-score": 0.9014084507042253, "support": 73}, "1": {"precision": 0.0, "recall": 0.0, "f1-score": 0.0, "support": 0}, "2": {"precision": 0.8448275862068966, "recall": 0.7538461538461538, "f1-score": 0.7967479674796748, "support": 65}, "3": {"precision": 0.8484848484848485, "recall": 0.835820895522388, "f1-score": 0.8421052631578948, "support": 67}, "micro avg": {"precision": 0.824390243902439, "recall": 0.824390243902439, "f1-score": 0.824390243902439, "support": 205}, "macro avg": {"precision": 0.6552121666439508, "recall": 0.6165948445339162, "f1-score": 0.6350654203354487, "support": 205}, "weighted avg": {"precision": 0.8754752335583871, "recall": 0.824390243902439, "f1-score": 0.8488414020447135, "support": 205}, "acc": 0.824390243902439, "fold": 3, "modelname": "bertTextEnc"}
{"0": {"precision": 0.8235294117647058, "recall": 0.9545454545454546, "f1-score": 0.8842105263157896, "support": 44}, "1": {"precision": 0.9642857142857143, "recall": 0.7297297297297297, "f1-score": 0.8307692307692307, "support": 74}, "2": {"precision": 0.7272727272727273, "recall": 0.7441860465116279, "f1-score": 0.735632183908046, "support": 43}, "3": {"precision": 0.6666666666666666, "recall": 0.8181818181818182, "f1-score": 0.7346938775510203, "support": 44}, "micro avg": {"precision": 0.8, "recall": 0.8, "f1-score": 0.8000000000000002, "support": 205}, "macro avg": {"precision": 0.7954386299974535, "recall": 0.8116607622421577, "f1-score": 0.7963264546360216, "support": 205}, "weighted avg": {"precision": 0.820480476004149, "recall": 0.8, "f1-score": 0.8016629305127253, "support": 205}, "acc": 0.8, "fold": 0, "modelname": "bertTextEnc"}
{"0": {"precision": 0.9024390243902439, "recall": 0.8809523809523809, "f1-score": 0.8915662650602411, "support": 42}, "1": {"precision": 0.7666666666666667, "recall": 0.7419354838709677, "f1-score": 0.7540983606557377, "support": 62}, "2": {"precision": 0.7358490566037735, "recall": 0.75, "f1-score": 0.7428571428571428, "support": 52}, "3": {"precision": 0.7058823529411765, "recall": 0.7346938775510204, "f1-score": 0.7200000000000001, "support": 49}, "micro avg": {"precision": 0.7707317073170732, "recall": 0.7707317073170732, "f1-score": 0.7707317073170732, "support": 205}, "macro avg": {"precision": 0.7777092751504652, "recall": 0.7768954355935922, "f1-score": 0.7771304421432804, "support": 205}, "weighted avg": {"precision": 0.7721373590011583, "recall": 0.7707317073170732, "f1-score": 0.7712607459597915, "support": 205}, "acc": 0.7707317073170732, "fold": 1, "modelname": "bertTextEnc"}
{"0": {"precision": 0.9302325581395349, "recall": 0.8333333333333334, "f1-score": 0.8791208791208791, "support": 48}, "1": {"precision": 0.8, "recall": 0.5797101449275363, "f1-score": 0.6722689075630253, "support": 69}, "2": {"precision": 0.6296296296296297, "recall": 0.8095238095238095, "f1-score": 0.7083333333333334, "support": 42}, "3": {"precision": 0.5689655172413793, "recall": 0.717391304347826, "f1-score": 0.6346153846153846, "support": 46}, "micro avg": {"precision": 0.7170731707317073, "recall": 0.7170731707317073, "f1-score": 0.7170731707317072, "support": 205}, "macro avg": {"precision": 0.7322069262526361, "recall": 0.7349896480331264, "f1-score": 0.7235846261581556, "support": 205}, "weighted avg": {"precision": 0.7437464440402223, "recall": 0.7170731707317073, "f1-score": 0.7196422659119932, "support": 205}, "acc": 0.7170731707317073, "fold": 2, "modelname": "bertTextEnc"}
{"0": {"precision": 0.927536231884058, "recall": 0.8767123287671232, "f1-score": 0.9014084507042253, "support": 73}, "1": {"precision": 0.0, "recall": 0.0, "f1-score": 0.0, "support": 0}, "2": {"precision": 0.8448275862068966, "recall": 0.7538461538461538, "f1-score": 0.7967479674796748, "support": 65}, "3": {"precision": 0.8484848484848485, "recall": 0.835820895522388, "f1-score": 0.8421052631578948, "support": 67}, "micro avg": {"precision": 0.824390243902439, "recall": 0.824390243902439, "f1-score": 0.824390243902439, "support": 205}, "macro avg": {"precision": 0.6552121666439508, "recall": 0.6165948445339162, "f1-score": 0.6350654203354487, "support": 205}, "weighted avg": {"precision": 0.8754752335583871, "recall": 0.824390243902439, "f1-score": 0.8488414020447135, "support": 205}, "acc": 0.824390243902439, "fold": 3, "modelname": "bertTextEnc"}
