{"0": {"precision": 0.6222222222222222, "recall": 0.6363636363636364, "f1-score": 0.6292134831460675, "support": 44}, "1": {"precision": 0.8148148148148148, "recall": 0.5945945945945946, "f1-score": 0.6875, "support": 74}, "2": {"precision": 0.45454545454545453, "recall": 0.5813953488372093, "f1-score": 0.5102040816326531, "support": 43}, "3": {"precision": 0.39215686274509803, "recall": 0.45454545454545453, "f1-score": 0.4210526315789474, "support": 44}, "micro avg": {"precision": 0.5707317073170731, "recall": 0.5707317073170731, "f1-score": 0.5707317073170731, "support": 205}, "macro avg": {"precision": 0.5709348385818974, "recall": 0.5667247585852238, "f1-score": 0.561992549089417, "support": 205}, "weighted avg": {"precision": 0.6071923442942094, "recall": 0.5707317073170731, "f1-score": 0.5806121197956329, "support": 205}, "acc": 0.5707317073170731, "modelname": "BigruwithAttention", "fold": 0}
{"0": {"precision": 0.62, "recall": 0.7380952380952381, "f1-score": 0.6739130434782609, "support": 42}, "1": {"precision": 0.647887323943662, "recall": 0.7419354838709677, "f1-score": 0.6917293233082707, "support": 62}, "2": {"precision": 0.5833333333333334, "recall": 0.5384615384615384, "f1-score": 0.5599999999999999, "support": 52}, "3": {"precision": 0.4444444444444444, "recall": 0.32653061224489793, "f1-score": 0.3764705882352941, "support": 49}, "micro avg": {"precision": 0.5902439024390244, "recall": 0.5902439024390244, "f1-score": 0.5902439024390244, "support": 205}, "macro avg": {"precision": 0.57391627543036, "recall": 0.5862557181681606, "f1-score": 0.5755282387554564, "support": 205}, "weighted avg": {"precision": 0.5771713424176494, "recall": 0.5902439024390244, "f1-score": 0.5793103643645324, "support": 205}, "acc": 0.5902439024390244, "modelname": "BigruwithAttention", "fold": 1}
{"0": {"precision": 0.5370370370370371, "recall": 0.6041666666666666, "f1-score": 0.5686274509803922, "support": 48}, "1": {"precision": 0.7037037037037037, "recall": 0.5507246376811594, "f1-score": 0.6178861788617886, "support": 69}, "2": {"precision": 0.5357142857142857, "recall": 0.7142857142857143, "f1-score": 0.6122448979591837, "support": 42}, "3": {"precision": 0.425, "recall": 0.37777777777777777, "f1-score": 0.3999999999999999, "support": 45}, "micro avg": {"precision": 0.5588235294117647, "recall": 0.5588235294117647, "f1-score": 0.5588235294117647, "support": 204}, "macro avg": {"precision": 0.5503637566137566, "recall": 0.5617386991028296, "f1-score": 0.549689631950341, "support": 204}, "weighted avg": {"precision": 0.5684232026143792, "recall": 0.5588235294117647, "f1-score": 0.5570713220725881, "support": 204}, "acc": 0.5588235294117647, "modelname": "BigruwithAttention", "fold": 2}
{"0": {"precision": 0.6842105263157895, "recall": 0.5342465753424658, "f1-score": 0.6000000000000001, "support": 73}, "1": {"precision": 0.0, "recall": 0.0, "f1-score": 0.0, "support": 0}, "2": {"precision": 0.5245901639344263, "recall": 0.5, "f1-score": 0.512, "support": 64}, "3": {"precision": 0.5675675675675675, "recall": 0.31343283582089554, "f1-score": 0.40384615384615385, "support": 67}, "micro avg": {"precision": 0.45098039215686275, "recall": 0.45098039215686275, "f1-score": 0.45098039215686275, "support": 204}, "macro avg": {"precision": 0.4440920644544458, "recall": 0.3369198527908403, "f1-score": 0.37896153846153846, "support": 204}, "weighted avg": {"precision": 0.5958243428425635, "recall": 0.45098039215686275, "f1-score": 0.5079690799396682, "support": 204}, "acc": 0.45098039215686275, "modelname": "BigruwithAttention", "fold": 3}
