{"0": {"precision": 0.6923076923076923, "recall": 0.8181818181818182, "f1-score": 0.7500000000000001, "support": 44}, "1": {"precision": 0.7142857142857143, "recall": 0.6756756756756757, "f1-score": 0.6944444444444444, "support": 74}, "2": {"precision": 0.5384615384615384, "recall": 0.4883720930232558, "f1-score": 0.5121951219512196, "support": 43}, "3": {"precision": 0.4772727272727273, "recall": 0.4772727272727273, "f1-score": 0.4772727272727273, "support": 44}, "micro avg": {"precision": 0.624390243902439, "recall": 0.624390243902439, "f1-score": 0.624390243902439, "support": 205}, "macro avg": {"precision": 0.605581918081918, "recall": 0.6148755785383693, "f1-score": 0.6084780734170978, "support": 205}, "weighted avg": {"precision": 0.6218172071830609, "recall": 0.624390243902439, "f1-score": 0.621528190891665, "support": 205}, "acc": 0.624390243902439, "modelname": "Bigru", "fold": 0}
{"0": {"precision": 0.5660377358490566, "recall": 0.7142857142857143, "f1-score": 0.631578947368421, "support": 42}, "1": {"precision": 0.6266666666666667, "recall": 0.7580645161290323, "f1-score": 0.6861313868613139, "support": 62}, "2": {"precision": 0.7045454545454546, "recall": 0.5961538461538461, "f1-score": 0.6458333333333334, "support": 52}, "3": {"precision": 0.48484848484848486, "recall": 0.32653061224489793, "f1-score": 0.3902439024390244, "support": 49}, "micro avg": {"precision": 0.6048780487804878, "recall": 0.6048780487804878, "f1-score": 0.6048780487804878, "support": 205}, "macro avg": {"precision": 0.5955245854774157, "recall": 0.5987586722033726, "f1-score": 0.5884468925005232, "support": 205}, "weighted avg": {"precision": 0.6001017445508933, "recall": 0.6048780487804878, "f1-score": 0.5940085186718082, "support": 205}, "acc": 0.6048780487804878, "modelname": "Bigru", "fold": 1}
{"0": {"precision": 0.7368421052631579, "recall": 0.875, "f1-score": 0.7999999999999999, "support": 48}, "1": {"precision": 0.7884615384615384, "recall": 0.5942028985507246, "f1-score": 0.6776859504132232, "support": 69}, "2": {"precision": 0.6031746031746031, "recall": 0.9047619047619048, "f1-score": 0.7238095238095238, "support": 42}, "3": {"precision": 0.59375, "recall": 0.4222222222222222, "f1-score": 0.49350649350649345, "support": 45}, "micro avg": {"precision": 0.6862745098039216, "recall": 0.6862745098039216, "f1-score": 0.6862745098039216, "support": 204}, "macro avg": {"precision": 0.6805570617248249, "recall": 0.6990467563837128, "f1-score": 0.6737504919323101, "support": 204}, "weighted avg": {"precision": 0.6952174046069169, "recall": 0.6862745098039216, "f1-score": 0.6753339352269834, "support": 204}, "acc": 0.6862745098039216, "modelname": "Bigru", "fold": 2}
{"0": {"precision": 0.7073170731707317, "recall": 0.7945205479452054, "f1-score": 0.7483870967741935, "support": 73}, "1": {"precision": 0.0, "recall": 0.0, "f1-score": 0.0, "support": 0}, "2": {"precision": 0.6964285714285714, "recall": 0.609375, "f1-score": 0.65, "support": 64}, "3": {"precision": 0.75, "recall": 0.31343283582089554, "f1-score": 0.4421052631578948, "support": 67}, "micro avg": {"precision": 0.5784313725490197, "recall": 0.5784313725490197, "f1-score": 0.5784313725490197, "support": 204}, "macro avg": {"precision": 0.5384364111498258, "recall": 0.42933209594152527, "f1-score": 0.4601230899830221, "support": 204}, "weighted avg": {"precision": 0.7179194848671177, "recall": 0.5784313725490197, "f1-score": 0.6169279936083092, "support": 204}, "acc": 0.5784313725490197, "modelname": "Bigru", "fold": 3}
