{"0": {"precision": 0.6875, "recall": 0.75, "f1-score": 0.717391304347826, "support": 44}, "1": {"precision": 0.7377049180327869, "recall": 0.6081081081081081, "f1-score": 0.6666666666666667, "support": 74}, "2": {"precision": 0.5777777777777777, "recall": 0.6046511627906976, "f1-score": 0.5909090909090908, "support": 43}, "3": {"precision": 0.43137254901960786, "recall": 0.5, "f1-score": 0.4631578947368421, "support": 44}, "micro avg": {"precision": 0.6146341463414634, "recall": 0.6146341463414634, "f1-score": 0.6146341463414634, "support": 205}, "macro avg": {"precision": 0.6085888112075433, "recall": 0.6156898177247014, "f1-score": 0.6095312391651064, "support": 205}, "weighted avg": {"precision": 0.6276341489547972, "recall": 0.6146341463414634, "f1-score": 0.6179833609860959, "support": 205}, "acc": 0.6146341463414634, "modelname": "Bilstm", "fold": 0}
{"0": {"precision": 0.9259259259259259, "recall": 0.5952380952380952, "f1-score": 0.7246376811594204, "support": 42}, "1": {"precision": 0.6438356164383562, "recall": 0.7580645161290323, "f1-score": 0.6962962962962962, "support": 62}, "2": {"precision": 0.5, "recall": 0.8076923076923077, "f1-score": 0.6176470588235294, "support": 52}, "3": {"precision": 0.7142857142857143, "recall": 0.30612244897959184, "f1-score": 0.42857142857142855, "support": 49}, "micro avg": {"precision": 0.6292682926829268, "recall": 0.6292682926829268, "f1-score": 0.6292682926829268, "support": 205}, "macro avg": {"precision": 0.6960118141624991, "recall": 0.6167793420097568, "f1-score": 0.6167881162126686, "support": 205}, "weighted avg": {"precision": 0.681983888332034, "recall": 0.6292682926829268, "f1-score": 0.6181600001848271, "support": 205}, "acc": 0.6292682926829268, "modelname": "Bilstm", "fold": 1}
{"0": {"precision": 0.8888888888888888, "recall": 0.6666666666666666, "f1-score": 0.761904761904762, "support": 48}, "1": {"precision": 0.8529411764705882, "recall": 0.42028985507246375, "f1-score": 0.5631067961165048, "support": 69}, "2": {"precision": 0.5, "recall": 0.8809523809523809, "f1-score": 0.6379310344827586, "support": 42}, "3": {"precision": 0.35, "recall": 0.4666666666666667, "f1-score": 0.4, "support": 45}, "micro avg": {"precision": 0.5833333333333334, "recall": 0.5833333333333334, "f1-score": 0.5833333333333334, "support": 204}, "macro avg": {"precision": 0.6479575163398693, "recall": 0.6086438923395445, "f1-score": 0.5907356481260063, "support": 204}, "weighted avg": {"precision": 0.6777921953094963, "recall": 0.5833333333333334, "f1-score": 0.5893083379987415, "support": 204}, "acc": 0.5833333333333334, "modelname": "Bilstm", "fold": 2}
{"0": {"precision": 0.8928571428571429, "recall": 0.684931506849315, "f1-score": 0.7751937984496124, "support": 73}, "1": {"precision": 0.0, "recall": 0.0, "f1-score": 0.0, "support": 0}, "2": {"precision": 0.5441176470588235, "recall": 0.578125, "f1-score": 0.5606060606060606, "support": 64}, "3": {"precision": 0.5076923076923077, "recall": 0.4925373134328358, "f1-score": 0.5, "support": 67}, "micro avg": {"precision": 0.5882352941176471, "recall": 0.5882352941176471, "f1-score": 0.5882352941176471, "support": 204}, "macro avg": {"precision": 0.4861667744020685, "recall": 0.4388984550705377, "f1-score": 0.45894996476391825, "support": 204}, "weighted avg": {"precision": 0.6569484581162782, "recall": 0.5882352941176471, "f1-score": 0.6174898782627921, "support": 204}, "acc": 0.5882352941176471, "modelname": "Bilstm", "fold": 3}
