{"0": {"precision": 0.631578947368421, "recall": 0.8181818181818182, "f1-score": 0.712871287128713, "support": 44}, "1": {"precision": 0.7931034482758621, "recall": 0.6216216216216216, "f1-score": 0.696969696969697, "support": 74}, "2": {"precision": 0.6428571428571429, "recall": 0.627906976744186, "f1-score": 0.6352941176470588, "support": 43}, "3": {"precision": 0.4375, "recall": 0.4772727272727273, "f1-score": 0.45652173913043476, "support": 44}, "micro avg": {"precision": 0.6341463414634146, "recall": 0.6341463414634146, "f1-score": 0.6341463414634146, "support": 205}, "macro avg": {"precision": 0.6262598846253565, "recall": 0.6362457859550883, "f1-score": 0.6254142102189758, "support": 205}, "weighted avg": {"precision": 0.6505950536560071, "recall": 0.6341463414634146, "f1-score": 0.635837550195042, "support": 205}, "acc": 0.6341463414634146, "modelname": "BilstmwithAttention", "fold": 0}
{"0": {"precision": 0.7142857142857143, "recall": 0.7142857142857143, "f1-score": 0.7142857142857143, "support": 42}, "1": {"precision": 0.6376811594202898, "recall": 0.7096774193548387, "f1-score": 0.6717557251908397, "support": 62}, "2": {"precision": 0.6666666666666666, "recall": 0.5384615384615384, "f1-score": 0.5957446808510638, "support": 52}, "3": {"precision": 0.4423076923076923, "recall": 0.46938775510204084, "f1-score": 0.4554455445544554, "support": 49}, "micro avg": {"precision": 0.6097560975609756, "recall": 0.6097560975609756, "f1-score": 0.6097560975609756, "support": 205}, "macro avg": {"precision": 0.6152353081700908, "recall": 0.607953106801033, "f1-score": 0.6093079162205183, "support": 205}, "weighted avg": {"precision": 0.6140291486526904, "recall": 0.6097560975609756, "f1-score": 0.6094849270695399, "support": 205}, "acc": 0.6097560975609756, "modelname": "BilstmwithAttention", "fold": 1}
{"0": {"precision": 0.7021276595744681, "recall": 0.6875, "f1-score": 0.6947368421052632, "support": 48}, "1": {"precision": 0.7954545454545454, "recall": 0.5072463768115942, "f1-score": 0.6194690265486726, "support": 69}, "2": {"precision": 0.6140350877192983, "recall": 0.8333333333333334, "f1-score": 0.7070707070707071, "support": 42}, "3": {"precision": 0.5178571428571429, "recall": 0.6444444444444445, "f1-score": 0.5742574257425743, "support": 45}, "micro avg": {"precision": 0.6470588235294118, "recall": 0.6470588235294118, "f1-score": 0.6470588235294118, "support": 204}, "macro avg": {"precision": 0.6573686089013636, "recall": 0.668131038647343, "f1-score": 0.6488835003668043, "support": 204}, "weighted avg": {"precision": 0.674909492199608, "recall": 0.6470588235294118, "f1-score": 0.6452415936681205, "support": 204}, "acc": 0.6470588235294118, "modelname": "BilstmwithAttention", "fold": 2}
{"0": {"precision": 0.8867924528301887, "recall": 0.6438356164383562, "f1-score": 0.746031746031746, "support": 73}, "1": {"precision": 0.0, "recall": 0.0, "f1-score": 0.0, "support": 0}, "2": {"precision": 0.7446808510638298, "recall": 0.546875, "f1-score": 0.6306306306306305, "support": 64}, "3": {"precision": 0.609375, "recall": 0.582089552238806, "f1-score": 0.5954198473282443, "support": 67}, "micro avg": {"precision": 0.5931372549019608, "recall": 0.5931372549019608, "f1-score": 0.5931372549019608, "support": 204}, "macro avg": {"precision": 0.5602120759735046, "recall": 0.44320004216929054, "f1-score": 0.49302055599765515, "support": 204}, "weighted avg": {"precision": 0.7510958261014161, "recall": 0.5931372549019608, "f1-score": 0.6603618019199519, "support": 204}, "acc": 0.5931372549019608, "modelname": "BilstmwithAttention", "fold": 3}
