{"0": {"precision": 0.639344262295082, "recall": 0.8863636363636364, "f1-score": 0.742857142857143, "support": 44}, "1": {"precision": 0.7169811320754716, "recall": 0.5135135135135135, "f1-score": 0.5984251968503936, "support": 74}, "2": {"precision": 0.6111111111111112, "recall": 0.7674418604651163, "f1-score": 0.6804123711340206, "support": 43}, "3": {"precision": 0.4864864864864865, "recall": 0.4090909090909091, "f1-score": 0.44444444444444453, "support": 44}, "micro avg": {"precision": 0.624390243902439, "recall": 0.624390243902439, "f1-score": 0.624390243902439, "support": 205}, "macro avg": {"precision": 0.6134807479920378, "recall": 0.6441024798582938, "f1-score": 0.6165347888215005, "support": 205}, "weighted avg": {"precision": 0.6286387048670815, "recall": 0.624390243902439, "f1-score": 0.6135730066681067, "support": 205}, "acc": 0.624390243902439, "modelname": "gru", "fold": 0}
{"0": {"precision": 0.5645161290322581, "recall": 0.8333333333333334, "f1-score": 0.6730769230769231, "support": 42}, "1": {"precision": 0.84, "recall": 0.6774193548387096, "f1-score": 0.75, "support": 62}, "2": {"precision": 0.7333333333333333, "recall": 0.6346153846153846, "f1-score": 0.6804123711340205, "support": 52}, "3": {"precision": 0.5833333333333334, "recall": 0.5714285714285714, "f1-score": 0.577319587628866, "support": 49}, "micro avg": {"precision": 0.6731707317073171, "recall": 0.6731707317073171, "f1-score": 0.6731707317073171, "support": 205}, "macro avg": {"precision": 0.6802956989247312, "recall": 0.6791991610539998, "f1-score": 0.6702022204599525, "support": 205}, "weighted avg": {"precision": 0.6951528979805927, "recall": 0.6731707317073171, "f1-score": 0.6753138237171429, "support": 205}, "acc": 0.6731707317073171, "modelname": "gru", "fold": 1}
{"0": {"precision": 0.5185185185185185, "recall": 0.875, "f1-score": 0.6511627906976744, "support": 48}, "1": {"precision": 0.7962962962962963, "recall": 0.6231884057971014, "f1-score": 0.6991869918699186, "support": 69}, "2": {"precision": 0.7368421052631579, "recall": 0.6666666666666666, "f1-score": 0.7, "support": 42}, "3": {"precision": 0.5483870967741935, "recall": 0.37777777777777777, "f1-score": 0.4473684210526315, "support": 45}, "micro avg": {"precision": 0.6372549019607843, "recall": 0.6372549019607843, "f1-score": 0.6372549019607843, "support": 204}, "macro avg": {"precision": 0.6500110042130416, "recall": 0.6356582125603865, "f1-score": 0.624429550905056, "support": 204}, "weighted avg": {"precision": 0.6640103975942385, "recall": 0.6372549019607843, "f1-score": 0.6325063497052997, "support": 204}, "acc": 0.6372549019607843, "modelname": "gru", "fold": 2}
{"0": {"precision": 0.7671232876712328, "recall": 0.7671232876712328, "f1-score": 0.7671232876712328, "support": 73}, "1": {"precision": 0.0, "recall": 0.0, "f1-score": 0.0, "support": 0}, "2": {"precision": 0.6716417910447762, "recall": 0.703125, "f1-score": 0.6870229007633589, "support": 64}, "3": {"precision": 0.6363636363636364, "recall": 0.31343283582089554, "f1-score": 0.42000000000000004, "support": 67}, "micro avg": {"precision": 0.5980392156862745, "recall": 0.5980392156862745, "f1-score": 0.5980392156862745, "support": 204}, "macro avg": {"precision": 0.5187821787699113, "recall": 0.4459202808730321, "f1-score": 0.4685365471086479, "support": 204}, "weighted avg": {"precision": 0.6942227365844573, "recall": 0.5980392156862745, "f1-score": 0.6279875767100734, "support": 204}, "acc": 0.5980392156862745, "modelname": "gru", "fold": 3}
