{"0": {"precision": 0.5932203389830508, "recall": 0.7954545454545454, "f1-score": 0.6796116504854368, "support": 44}, "1": {"precision": 0.84, "recall": 0.5675675675675675, "f1-score": 0.6774193548387097, "support": 74}, "2": {"precision": 0.5833333333333334, "recall": 0.6511627906976745, "f1-score": 0.6153846153846155, "support": 43}, "3": {"precision": 0.4375, "recall": 0.4772727272727273, "f1-score": 0.45652173913043476, "support": 44}, "micro avg": {"precision": 0.6146341463414634, "recall": 0.6146341463414634, "f1-score": 0.6146341463414634, "support": 205}, "macro avg": {"precision": 0.6135134180790961, "recall": 0.6228644077481287, "f1-score": 0.6072343399597991, "support": 205}, "weighted avg": {"precision": 0.6468050158467686, "recall": 0.6146341463414634, "f1-score": 0.6174655603058602, "support": 205}, "acc": 0.6146341463414634, "modelname": "gruwithAttention", "fold": 0}
{"0": {"precision": 0.6222222222222222, "recall": 0.6666666666666666, "f1-score": 0.6436781609195403, "support": 42}, "1": {"precision": 0.6428571428571429, "recall": 0.7258064516129032, "f1-score": 0.6818181818181818, "support": 62}, "2": {"precision": 0.7045454545454546, "recall": 0.5961538461538461, "f1-score": 0.6458333333333334, "support": 52}, "3": {"precision": 0.5217391304347826, "recall": 0.4897959183673469, "f1-score": 0.5052631578947369, "support": 49}, "micro avg": {"precision": 0.624390243902439, "recall": 0.624390243902439, "f1-score": 0.624390243902439, "support": 205}, "macro avg": {"precision": 0.6228409875149006, "recall": 0.6196057207001908, "f1-score": 0.6191482084914481, "support": 205}, "weighted avg": {"precision": 0.6253271083811911, "recall": 0.624390243902439, "f1-score": 0.6226753078123093, "support": 205}, "acc": 0.624390243902439, "modelname": "gruwithAttention", "fold": 1}
{"0": {"precision": 0.7674418604651163, "recall": 0.6875, "f1-score": 0.7252747252747254, "support": 48}, "1": {"precision": 0.7777777777777778, "recall": 0.6086956521739131, "f1-score": 0.6829268292682927, "support": 69}, "2": {"precision": 0.5483870967741935, "recall": 0.8095238095238095, "f1-score": 0.6538461538461537, "support": 42}, "3": {"precision": 0.5333333333333333, "recall": 0.5333333333333333, "f1-score": 0.5333333333333333, "support": 45}, "micro avg": {"precision": 0.6519607843137255, "recall": 0.6519607843137255, "f1-score": 0.6519607843137255, "support": 204}, "macro avg": {"precision": 0.6567350170876052, "recall": 0.6597631987577639, "f1-score": 0.6488452604306263, "support": 204}, "weighted avg": {"precision": 0.6741967354583744, "recall": 0.6519607843137255, "f1-score": 0.6539052769325365, "support": 204}, "acc": 0.6519607843137255, "modelname": "gruwithAttention", "fold": 2}
{"0": {"precision": 0.8125, "recall": 0.7123287671232876, "f1-score": 0.7591240875912408, "support": 73}, "1": {"precision": 0.0, "recall": 0.0, "f1-score": 0.0, "support": 0}, "2": {"precision": 0.6862745098039216, "recall": 0.546875, "f1-score": 0.6086956521739131, "support": 64}, "3": {"precision": 0.64, "recall": 0.47761194029850745, "f1-score": 0.5470085470085471, "support": 67}, "micro avg": {"precision": 0.5833333333333334, "recall": 0.5833333333333334, "f1-score": 0.5833333333333334, "support": 204}, "macro avg": {"precision": 0.5346936274509804, "recall": 0.4342039268554488, "f1-score": 0.47870707169342525, "support": 204}, "weighted avg": {"precision": 0.7162454344482891, "recall": 0.5833333333333334, "f1-score": 0.6422654548179593, "support": 204}, "acc": 0.5833333333333334, "modelname": "gruwithAttention", "fold": 3}
