{"0": {"precision": 0.7209302325581395, "recall": 0.7045454545454546, "f1-score": 0.7126436781609196, "support": 44}, "1": {"precision": 0.7777777777777778, "recall": 0.6621621621621622, "f1-score": 0.7153284671532847, "support": 74}, "2": {"precision": 0.5833333333333334, "recall": 0.6511627906976745, "f1-score": 0.6153846153846155, "support": 43}, "3": {"precision": 0.47058823529411764, "recall": 0.5454545454545454, "f1-score": 0.5052631578947367, "support": 44}, "micro avg": {"precision": 0.6439024390243903, "recall": 0.6439024390243903, "f1-score": 0.6439024390243903, "support": 205}, "macro avg": {"precision": 0.6381573947408421, "recall": 0.6408312382149591, "f1-score": 0.6371549796483891, "support": 205}, "weighted avg": {"precision": 0.6588570803628694, "recall": 0.6439024390243903, "f1-score": 0.6487011991089288, "support": 205}, "acc": 0.6439024390243903, "modelname": "lstmwithAttention", "fold": 0}
{"0": {"precision": 0.7380952380952381, "recall": 0.7380952380952381, "f1-score": 0.7380952380952381, "support": 42}, "1": {"precision": 0.6885245901639344, "recall": 0.6774193548387096, "f1-score": 0.6829268292682927, "support": 62}, "2": {"precision": 0.6904761904761905, "recall": 0.5576923076923077, "f1-score": 0.6170212765957447, "support": 52}, "3": {"precision": 0.4666666666666667, "recall": 0.5714285714285714, "f1-score": 0.5137614678899083, "support": 49}, "micro avg": {"precision": 0.6341463414634146, "recall": 0.6341463414634146, "f1-score": 0.6341463414634146, "support": 205}, "macro avg": {"precision": 0.6459406713505074, "recall": 0.6361588680137067, "f1-score": 0.637951202962296, "support": 205}, "weighted avg": {"precision": 0.6461461129833782, "recall": 0.6341463414634146, "f1-score": 0.6370774718254555, "support": 205}, "acc": 0.6341463414634146, "modelname": "lstmwithAttention", "fold": 1}
{"0": {"precision": 0.6739130434782609, "recall": 0.6458333333333334, "f1-score": 0.6595744680851064, "support": 48}, "1": {"precision": 0.7727272727272727, "recall": 0.4927536231884058, "f1-score": 0.6017699115044248, "support": 69}, "2": {"precision": 0.5507246376811594, "recall": 0.9047619047619048, "f1-score": 0.6846846846846846, "support": 42}, "3": {"precision": 0.5111111111111111, "recall": 0.5111111111111111, "f1-score": 0.5111111111111111, "support": 45}, "micro avg": {"precision": 0.6176470588235294, "recall": 0.6176470588235294, "f1-score": 0.6176470588235294, "support": 204}, "macro avg": {"precision": 0.6271190162494511, "recall": 0.6386149930986887, "f1-score": 0.6142850438463316, "support": 204}, "weighted avg": {"precision": 0.6460609935673874, "recall": 0.6176470588235294, "f1-score": 0.6124434074443489, "support": 204}, "acc": 0.6176470588235294, "modelname": "lstmwithAttention", "fold": 2}
{"0": {"precision": 0.796875, "recall": 0.6986301369863014, "f1-score": 0.7445255474452555, "support": 73}, "1": {"precision": 0.0, "recall": 0.0, "f1-score": 0.0, "support": 0}, "2": {"precision": 0.711864406779661, "recall": 0.65625, "f1-score": 0.6829268292682927, "support": 64}, "3": {"precision": 0.7, "recall": 0.5223880597014925, "f1-score": 0.5982905982905983, "support": 67}, "micro avg": {"precision": 0.6274509803921569, "recall": 0.6274509803921569, "f1-score": 0.6274509803921569, "support": 204}, "macro avg": {"precision": 0.5521848516949153, "recall": 0.4693170491719485, "f1-score": 0.5064357437510366, "support": 204}, "weighted avg": {"precision": 0.7383882207544035, "recall": 0.6274509803921569, "f1-score": 0.6771723143242376, "support": 204}, "acc": 0.6274509803921569, "modelname": "lstmwithAttention", "fold": 3}
