{"0": {"precision": 0.8048780487804879, "recall": 0.75, "f1-score": 0.7764705882352942, "support": 44}, "1": {"precision": 0.7123287671232876, "recall": 0.7027027027027027, "f1-score": 0.7074829931972789, "support": 74}, "2": {"precision": 0.6304347826086957, "recall": 0.6744186046511628, "f1-score": 0.651685393258427, "support": 43}, "3": {"precision": 0.4666666666666667, "recall": 0.4772727272727273, "f1-score": 0.4719101123595506, "support": 44}, "micro avg": {"precision": 0.6585365853658537, "recall": 0.6585365853658537, "f1-score": 0.6585365853658537, "support": 205}, "macro avg": {"precision": 0.6535770662947845, "recall": 0.6510985086566481, "f1-score": 0.6518872717626376, "support": 205}, "weighted avg": {"precision": 0.662287765360839, "recall": 0.6585365853658537, "f1-score": 0.6600242157701667, "support": 205}, "acc": 0.6585365853658537, "modelname": "lstm", "fold": 0}
{"0": {"precision": 0.6538461538461539, "recall": 0.8095238095238095, "f1-score": 0.7234042553191489, "support": 42}, "1": {"precision": 0.7213114754098361, "recall": 0.7096774193548387, "f1-score": 0.7154471544715446, "support": 62}, "2": {"precision": 0.6739130434782609, "recall": 0.5961538461538461, "f1-score": 0.6326530612244897, "support": 52}, "3": {"precision": 0.5, "recall": 0.46938775510204084, "f1-score": 0.4842105263157895, "support": 49}, "micro avg": {"precision": 0.6439024390243903, "recall": 0.6439024390243903, "f1-score": 0.6439024390243903, "support": 205}, "macro avg": {"precision": 0.6372676681835627, "recall": 0.6461857075336338, "f1-score": 0.6389287493327432, "support": 205}, "weighted avg": {"precision": 0.6425674546235017, "recall": 0.6439024390243903, "f1-score": 0.6408047671892056, "support": 205}, "acc": 0.6439024390243903, "modelname": "lstm", "fold": 1}
{"0": {"precision": 0.7083333333333334, "recall": 0.7083333333333334, "f1-score": 0.7083333333333334, "support": 48}, "1": {"precision": 0.75, "recall": 0.5652173913043478, "f1-score": 0.6446280991735538, "support": 69}, "2": {"precision": 0.6530612244897959, "recall": 0.7619047619047619, "f1-score": 0.7032967032967032, "support": 42}, "3": {"precision": 0.5272727272727272, "recall": 0.6444444444444445, "f1-score": 0.58, "support": 45}, "micro avg": {"precision": 0.6568627450980392, "recall": 0.6568627450980392, "f1-score": 0.6568627450980392, "support": 204}, "macro avg": {"precision": 0.6596668212739641, "recall": 0.6699749827467218, "f1-score": 0.6590645339508976, "support": 204}, "weighted avg": {"precision": 0.6711070791953145, "recall": 0.6568627450980392, "f1-score": 0.6574401979482194, "support": 204}, "acc": 0.6568627450980392, "modelname": "lstm", "fold": 2}
{"0": {"precision": 0.7, "recall": 0.7671232876712328, "f1-score": 0.7320261437908496, "support": 73}, "1": {"precision": 0.0, "recall": 0.0, "f1-score": 0.0, "support": 0}, "2": {"precision": 0.68, "recall": 0.796875, "f1-score": 0.7338129496402876, "support": 64}, "3": {"precision": 0.7647058823529411, "recall": 0.3880597014925373, "f1-score": 0.5148514851485149, "support": 67}, "micro avg": {"precision": 0.6519607843137255, "recall": 0.6519607843137255, "f1-score": 0.6519607843137255, "support": 204}, "macro avg": {"precision": 0.5361764705882353, "recall": 0.48801449729094254, "f1-score": 0.49517264464491306, "support": 204}, "weighted avg": {"precision": 0.7149769319492504, "recall": 0.6519607843137255, "f1-score": 0.661259739111083, "support": 204}, "acc": 0.6519607843137255, "modelname": "lstm", "fold": 3}
