{"0": {"precision": 0.8554216867469879, "recall": 0.8452380952380952, "f1-score": 0.8502994011976047, "support": 84}, "1": {"precision": 0.7037037037037037, "recall": 0.8172043010752689, "f1-score": 0.7562189054726368, "support": 93}, "2": {"precision": 0.8461538461538461, "recall": 0.7, "f1-score": 0.7661691542288558, "support": 110}, "3": {"precision": 0.7472527472527473, "recall": 0.7906976744186046, "f1-score": 0.7683615819209039, "support": 86}, "micro avg": {"precision": 0.7828418230563002, "recall": 0.7828418230563002, "f1-score": 0.7828418230563002, "support": 373}, "macro avg": {"precision": 0.7881329959643213, "recall": 0.7882850176829922, "f1-score": 0.7852622607050004, "support": 373}, "weighted avg": {"precision": 0.7899209798172943, "recall": 0.7828418230563002, "f1-score": 0.7831399756566376, "support": 373}, "acc": 0.7828418230563002, "fold": 0, "modelname": "bertTextEnc"}
{"0": {"precision": 0.8415841584158416, "recall": 0.8333333333333334, "f1-score": 0.8374384236453202, "support": 102}, "1": {"precision": 0.7530864197530864, "recall": 0.7176470588235294, "f1-score": 0.7349397590361447, "support": 85}, "2": {"precision": 0.7156862745098039, "recall": 0.8390804597701149, "f1-score": 0.7724867724867724, "support": 87}, "3": {"precision": 0.8202247191011236, "recall": 0.7373737373737373, "f1-score": 0.776595744680851, "support": 99}, "micro avg": {"precision": 0.7828418230563002, "recall": 0.7828418230563002, "f1-score": 0.7828418230563002, "support": 373}, "macro avg": {"precision": 0.7826453929449639, "recall": 0.7818586473251788, "f1-score": 0.7803651749622721, "support": 373}, "weighted avg": {"precision": 0.7863830641040009, "recall": 0.7828418230563002, "f1-score": 0.78278264520013, "support": 373}, "acc": 0.7828418230563002, "fold": 1, "modelname": "bertTextEnc"}
{"0": {"precision": 0.872093023255814, "recall": 0.7894736842105263, "f1-score": 0.8287292817679558, "support": 95}, "1": {"precision": 0.7256637168141593, "recall": 0.8282828282828283, "f1-score": 0.7735849056603774, "support": 99}, "2": {"precision": 0.7910447761194029, "recall": 0.654320987654321, "f1-score": 0.7162162162162161, "support": 81}, "3": {"precision": 0.7102803738317757, "recall": 0.7755102040816326, "f1-score": 0.7414634146341462, "support": 98}, "micro avg": {"precision": 0.7667560321715817, "recall": 0.7667560321715817, "f1-score": 0.7667560321715817, "support": 373}, "macro avg": {"precision": 0.774770472505288, "recall": 0.7618969260573271, "f1-score": 0.7649984545696739, "support": 373}, "weighted avg": {"precision": 0.7731143396115008, "recall": 0.7667560321715817, "f1-score": 0.7667322133404639, "support": 373}, "acc": 0.7667560321715817, "fold": 2, "modelname": "bertTextEnc"}
{"0": {"precision": 0.7766990291262136, "recall": 0.8695652173913043, "f1-score": 0.8205128205128205, "support": 92}, "1": {"precision": 0.8024691358024691, "recall": 0.6989247311827957, "f1-score": 0.7471264367816093, "support": 93}, "2": {"precision": 0.8313253012048193, "recall": 0.711340206185567, "f1-score": 0.7666666666666667, "support": 97}, "3": {"precision": 0.7452830188679245, "recall": 0.8681318681318682, "f1-score": 0.8020304568527918, "support": 91}, "micro avg": {"precision": 0.7855227882037533, "recall": 0.7855227882037533, "f1-score": 0.7855227882037533, "support": 373}, "macro avg": {"precision": 0.7889441212503567, "recall": 0.7869905057228839, "f1-score": 0.7840840952034721, "support": 373}, "weighted avg": {"precision": 0.7896655475686055, "recall": 0.7855227882037533, "f1-score": 0.7837034218448791, "support": 373}, "acc": 0.7855227882037533, "fold": 3, "modelname": "bertTextEnc"}
