{"0": {"precision": 0.58, "recall": 0.6904761904761905, "f1-score": 0.6304347826086957, "support": 84}, "1": {"precision": 0.6236559139784946, "recall": 0.6236559139784946, "f1-score": 0.6236559139784946, "support": 93}, "2": {"precision": 0.5909090909090909, "recall": 0.5909090909090909, "f1-score": 0.5909090909090909, "support": 110}, "3": {"precision": 0.42857142857142855, "recall": 0.3488372093023256, "f1-score": 0.38461538461538464, "support": 86}, "micro avg": {"precision": 0.5656836461126006, "recall": 0.5656836461126006, "f1-score": 0.5656836461126006, "support": 373}, "macro avg": {"precision": 0.5557841083647534, "recall": 0.5634696011665254, "f1-score": 0.5574037930279164, "support": 373}, "weighted avg": {"precision": 0.5591880505553428, "recall": 0.5656836461126006, "f1-score": 0.5604113802038969, "support": 373}, "acc": 0.5656836461126006, "modelname": "Bigru", "fold": 0}
{"0": {"precision": 0.7087378640776699, "recall": 0.7156862745098039, "f1-score": 0.7121951219512195, "support": 102}, "1": {"precision": 0.5729166666666666, "recall": 0.6470588235294118, "f1-score": 0.6077348066298343, "support": 85}, "2": {"precision": 0.49557522123893805, "recall": 0.6436781609195402, "f1-score": 0.56, "support": 87}, "3": {"precision": 0.639344262295082, "recall": 0.3939393939393939, "f1-score": 0.48749999999999993, "support": 99}, "micro avg": {"precision": 0.5978552278820375, "recall": 0.5978552278820375, "f1-score": 0.5978552278820375, "support": 373}, "macro avg": {"precision": 0.6041435035695891, "recall": 0.6000906632245375, "f1-score": 0.5918574821452635, "support": 373}, "weighted avg": {"precision": 0.6096496113072111, "recall": 0.5978552278820375, "f1-score": 0.5932543190417165, "support": 373}, "acc": 0.5978552278820375, "modelname": "Bigru", "fold": 1}
{"0": {"precision": 0.7529411764705882, "recall": 0.6736842105263158, "f1-score": 0.7111111111111111, "support": 95}, "1": {"precision": 0.6160714285714286, "recall": 0.696969696969697, "f1-score": 0.6540284360189573, "support": 99}, "2": {"precision": 0.46788990825688076, "recall": 0.6375, "f1-score": 0.5396825396825397, "support": 80}, "3": {"precision": 0.5303030303030303, "recall": 0.35714285714285715, "f1-score": 0.4268292682926829, "support": 98}, "micro avg": {"precision": 0.5887096774193549, "recall": 0.5887096774193549, "f1-score": 0.5887096774193549, "support": 372}, "macro avg": {"precision": 0.591801385900482, "recall": 0.5913241911597175, "f1-score": 0.5829128387763227, "support": 372}, "weighted avg": {"precision": 0.5965628301707654, "recall": 0.5887096774193549, "f1-score": 0.5841619413675228, "support": 372}, "acc": 0.5887096774193549, "modelname": "Bigru", "fold": 2}
{"0": {"precision": 0.6016949152542372, "recall": 0.7802197802197802, "f1-score": 0.679425837320574, "support": 91}, "1": {"precision": 0.5833333333333334, "recall": 0.5268817204301075, "f1-score": 0.5536723163841807, "support": 93}, "2": {"precision": 0.6296296296296297, "recall": 0.5257731958762887, "f1-score": 0.5730337078651686, "support": 97}, "3": {"precision": 0.5168539325842697, "recall": 0.5054945054945055, "f1-score": 0.5111111111111112, "support": 91}, "micro avg": {"precision": 0.5833333333333334, "recall": 0.5833333333333334, "f1-score": 0.5833333333333334, "support": 372}, "macro avg": {"precision": 0.5828779527003675, "recall": 0.5845923005051704, "f1-score": 0.5793107431702587, "support": 372}, "weighted avg": {"precision": 0.5836344602886511, "recall": 0.5833333333333334, "f1-score": 0.5790716596611116, "support": 372}, "acc": 0.5833333333333334, "modelname": "Bigru", "fold": 3}
