{"0": {"precision": 0.6460176991150443, "recall": 0.8690476190476191, "f1-score": 0.7411167512690356, "support": 84}, "1": {"precision": 0.5609756097560976, "recall": 0.4946236559139785, "f1-score": 0.5257142857142858, "support": 93}, "2": {"precision": 0.611764705882353, "recall": 0.4727272727272727, "f1-score": 0.5333333333333334, "support": 110}, "3": {"precision": 0.4731182795698925, "recall": 0.5116279069767442, "f1-score": 0.4916201117318436, "support": 86}, "micro avg": {"precision": 0.5764075067024129, "recall": 0.5764075067024129, "f1-score": 0.5764075067024129, "support": 373}, "macro avg": {"precision": 0.5729690735808468, "recall": 0.5870066136664036, "f1-score": 0.5729461205121247, "support": 373}, "weighted avg": {"precision": 0.5748485472467839, "recall": 0.5764075067024129, "f1-score": 0.5686092009480772, "support": 373}, "acc": 0.5764075067024129, "modelname": "BigruwithAttention", "fold": 0}
{"0": {"precision": 0.6666666666666666, "recall": 0.6862745098039216, "f1-score": 0.6763285024154588, "support": 102}, "1": {"precision": 0.5652173913043478, "recall": 0.611764705882353, "f1-score": 0.5875706214689267, "support": 85}, "2": {"precision": 0.6190476190476191, "recall": 0.5977011494252874, "f1-score": 0.6081871345029239, "support": 87}, "3": {"precision": 0.6086956521739131, "recall": 0.5656565656565656, "f1-score": 0.5863874345549738, "support": 99}, "micro avg": {"precision": 0.6166219839142091, "recall": 0.6166219839142091, "f1-score": 0.6166219839142091, "support": 373}, "macro avg": {"precision": 0.6149068322981366, "recall": 0.6153492326920319, "f1-score": 0.6146184232355708, "support": 373}, "weighted avg": {"precision": 0.6170549348075867, "recall": 0.6166219839142091, "f1-score": 0.6163368546754219, "support": 373}, "acc": 0.6166219839142091, "modelname": "BigruwithAttention", "fold": 1}
{"0": {"precision": 0.6210526315789474, "recall": 0.6210526315789474, "f1-score": 0.6210526315789474, "support": 95}, "1": {"precision": 0.5398230088495575, "recall": 0.6161616161616161, "f1-score": 0.5754716981132075, "support": 99}, "2": {"precision": 0.4523809523809524, "recall": 0.475, "f1-score": 0.46341463414634143, "support": 80}, "3": {"precision": 0.45, "recall": 0.3673469387755102, "f1-score": 0.4044943820224719, "support": 98}, "micro avg": {"precision": 0.521505376344086, "recall": 0.521505376344086, "f1-score": 0.521505376344086, "support": 372}, "macro avg": {"precision": 0.5158141482023643, "recall": 0.5198902966290184, "f1-score": 0.5161083364652421, "support": 372}, "weighted avg": {"precision": 0.5180993388886623, "recall": 0.521505376344086, "f1-score": 0.5179712857073041, "support": 372}, "acc": 0.521505376344086, "modelname": "BigruwithAttention", "fold": 2}
{"0": {"precision": 0.57, "recall": 0.6263736263736264, "f1-score": 0.5968586387434556, "support": 91}, "1": {"precision": 0.5104166666666666, "recall": 0.5268817204301075, "f1-score": 0.5185185185185186, "support": 93}, "2": {"precision": 0.4943820224719101, "recall": 0.4536082474226804, "f1-score": 0.47311827956989244, "support": 97}, "3": {"precision": 0.4482758620689655, "recall": 0.42857142857142855, "f1-score": 0.4382022471910112, "support": 91}, "micro avg": {"precision": 0.5080645161290323, "recall": 0.5080645161290323, "f1-score": 0.5080645161290323, "support": 372}, "macro avg": {"precision": 0.5057686378018855, "recall": 0.5088587556994607, "f1-score": 0.5066744210057195, "support": 372}, "weighted avg": {"precision": 0.5056099721184171, "recall": 0.5080645161290323, "f1-score": 0.506196870861662, "support": 372}, "acc": 0.5080645161290323, "modelname": "BigruwithAttention", "fold": 3}
