{"0": {"precision": 0.6701030927835051, "recall": 0.7738095238095238, "f1-score": 0.718232044198895, "support": 84}, "1": {"precision": 0.6385542168674698, "recall": 0.5698924731182796, "f1-score": 0.6022727272727274, "support": 93}, "2": {"precision": 0.5909090909090909, "recall": 0.4727272727272727, "f1-score": 0.5252525252525252, "support": 110}, "3": {"precision": 0.41904761904761906, "recall": 0.5116279069767442, "f1-score": 0.4607329842931937, "support": 86}, "micro avg": {"precision": 0.5737265415549598, "recall": 0.5737265415549598, "f1-score": 0.5737265415549598, "support": 373}, "macro avg": {"precision": 0.5796535049019211, "recall": 0.5820142941579551, "f1-score": 0.5766225702543353, "support": 373}, "weighted avg": {"precision": 0.5809981158192611, "recall": 0.5737265415549598, "f1-score": 0.5730393291583465, "support": 373}, "acc": 0.5737265415549598, "modelname": "BilstmwithAttention", "fold": 0}
{"0": {"precision": 0.7717391304347826, "recall": 0.696078431372549, "f1-score": 0.731958762886598, "support": 102}, "1": {"precision": 0.5930232558139535, "recall": 0.6, "f1-score": 0.5964912280701755, "support": 85}, "2": {"precision": 0.5294117647058824, "recall": 0.6206896551724138, "f1-score": 0.5714285714285715, "support": 87}, "3": {"precision": 0.5698924731182796, "recall": 0.5353535353535354, "f1-score": 0.5520833333333334, "support": 99}, "micro avg": {"precision": 0.613941018766756, "recall": 0.613941018766756, "f1-score": 0.613941018766756, "support": 373}, "macro avg": {"precision": 0.6160166560182245, "recall": 0.6130304054746245, "f1-score": 0.6129904739296697, "support": 373}, "weighted avg": {"precision": 0.6209183550044379, "recall": 0.613941018766756, "f1-score": 0.6159037102270339, "support": 373}, "acc": 0.613941018766756, "modelname": "BilstmwithAttention", "fold": 1}
{"0": {"precision": 0.6989247311827957, "recall": 0.6842105263157895, "f1-score": 0.6914893617021276, "support": 95}, "1": {"precision": 0.6477272727272727, "recall": 0.5757575757575758, "f1-score": 0.6096256684491979, "support": 99}, "2": {"precision": 0.4845360824742268, "recall": 0.5875, "f1-score": 0.5310734463276836, "support": 80}, "3": {"precision": 0.574468085106383, "recall": 0.5510204081632653, "f1-score": 0.5625, "support": 98}, "micro avg": {"precision": 0.5994623655913979, "recall": 0.5994623655913979, "f1-score": 0.5994623655913979, "support": 372}, "macro avg": {"precision": 0.6014140428726695, "recall": 0.5996221275591577, "f1-score": 0.5986721191197523, "support": 372}, "weighted avg": {"precision": 0.606407549464326, "recall": 0.5994623655913979, "f1-score": 0.6012239415171705, "support": 372}, "acc": 0.5994623655913979, "modelname": "BilstmwithAttention", "fold": 2}
{"0": {"precision": 0.7380952380952381, "recall": 0.6813186813186813, "f1-score": 0.7085714285714286, "support": 91}, "1": {"precision": 0.53125, "recall": 0.5483870967741935, "f1-score": 0.5396825396825397, "support": 93}, "2": {"precision": 0.5252525252525253, "recall": 0.5360824742268041, "f1-score": 0.5306122448979592, "support": 97}, "3": {"precision": 0.45161290322580644, "recall": 0.46153846153846156, "f1-score": 0.4565217391304348, "support": 91}, "micro avg": {"precision": 0.5564516129032258, "recall": 0.5564516129032258, "f1-score": 0.5564516129032258, "support": 372}, "macro avg": {"precision": 0.5615526666433924, "recall": 0.5568316784645352, "f1-score": 0.5588469880705906, "support": 372}, "weighted avg": {"precision": 0.5608042629293281, "recall": 0.5564516129032258, "f1-score": 0.5582885543184081, "support": 372}, "acc": 0.5564516129032258, "modelname": "BilstmwithAttention", "fold": 3}
