{"0": {"precision": 0.775, "recall": 0.7380952380952381, "f1-score": 0.7560975609756099, "support": 84}, "1": {"precision": 0.45045045045045046, "recall": 0.5376344086021505, "f1-score": 0.49019607843137253, "support": 93}, "2": {"precision": 0.7307692307692307, "recall": 0.34545454545454546, "f1-score": 0.4691358024691359, "support": 110}, "3": {"precision": 0.4307692307692308, "recall": 0.6511627906976745, "f1-score": 0.5185185185185186, "support": 86}, "micro avg": {"precision": 0.5522788203753352, "recall": 0.5522788203753352, "f1-score": 0.5522788203753352, "support": 373}, "macro avg": {"precision": 0.5967472279972279, "recall": 0.5680867457124021, "f1-score": 0.5584869900986592, "support": 373}, "weighted avg": {"precision": 0.6016693327685285, "recall": 0.5522788203753352, "f1-score": 0.5503966790355669, "support": 373}, "acc": 0.5522788203753352, "modelname": "Bilstm", "fold": 0}
{"0": {"precision": 0.8518518518518519, "recall": 0.6764705882352942, "f1-score": 0.7540983606557378, "support": 102}, "1": {"precision": 0.5287356321839081, "recall": 0.5411764705882353, "f1-score": 0.5348837209302326, "support": 85}, "2": {"precision": 0.4178082191780822, "recall": 0.7011494252873564, "f1-score": 0.5236051502145923, "support": 87}, "3": {"precision": 0.6271186440677966, "recall": 0.37373737373737376, "f1-score": 0.46835443037974683, "support": 99}, "micro avg": {"precision": 0.5710455764075067, "recall": 0.5710455764075067, "f1-score": 0.5710455764075067, "support": 373}, "macro avg": {"precision": 0.6063785868204097, "recall": 0.5731334644620649, "f1-score": 0.5702354155450773, "support": 373}, "weighted avg": {"precision": 0.6173337224014104, "recall": 0.5710455764075067, "f1-score": 0.5745412486386582, "support": 373}, "acc": 0.5710455764075067, "modelname": "Bilstm", "fold": 1}
{"0": {"precision": 0.41420118343195267, "recall": 0.7368421052631579, "f1-score": 0.5303030303030303, "support": 95}, "1": {"precision": 0.5, "recall": 0.6060606060606061, "f1-score": 0.5479452054794521, "support": 99}, "2": {"precision": 0.7169811320754716, "recall": 0.475, "f1-score": 0.5714285714285714, "support": 80}, "3": {"precision": 0.6333333333333333, "recall": 0.19387755102040816, "f1-score": 0.296875, "support": 98}, "micro avg": {"precision": 0.5026881720430108, "recall": 0.5026881720430108, "f1-score": 0.5026881720430108, "support": 372}, "macro avg": {"precision": 0.5661289122101894, "recall": 0.502945065586043, "f1-score": 0.4866379518027634, "support": 372}, "weighted avg": {"precision": 0.5598770689751073, "recall": 0.5026881720430108, "f1-score": 0.48234784660091223, "support": 372}, "acc": 0.5026881720430108, "modelname": "Bilstm", "fold": 2}
{"0": {"precision": 0.775, "recall": 0.6813186813186813, "f1-score": 0.7251461988304093, "support": 91}, "1": {"precision": 0.5957446808510638, "recall": 0.6021505376344086, "f1-score": 0.5989304812834225, "support": 93}, "2": {"precision": 0.46099290780141844, "recall": 0.6701030927835051, "f1-score": 0.5462184873949579, "support": 97}, "3": {"precision": 0.5263157894736842, "recall": 0.32967032967032966, "f1-score": 0.4054054054054054, "support": 91}, "micro avg": {"precision": 0.5725806451612904, "recall": 0.5725806451612904, "f1-score": 0.5725806451612904, "support": 372}, "macro avg": {"precision": 0.5895133445315416, "recall": 0.5708106603517312, "f1-score": 0.5689251432285487, "support": 372}, "weighted avg": {"precision": 0.5874739360698704, "recall": 0.5725806451612904, "f1-score": 0.5687202258659364, "support": 372}, "acc": 0.5725806451612904, "modelname": "Bilstm", "fold": 3}
