{"0": {"precision": 0.5185185185185185, "recall": 0.27450980392156865, "f1-score": 0.358974358974359, "support": 102}, "1": {"precision": 0.35, "recall": 0.24705882352941178, "f1-score": 0.2896551724137931, "support": 85}, "2": {"precision": 0.4605263157894737, "recall": 0.8045977011494253, "f1-score": 0.5857740585774059, "support": 87}, "3": {"precision": 0.6355140186915887, "recall": 0.6868686868686869, "f1-score": 0.6601941747572815, "support": 99}, "micro avg": {"precision": 0.5013404825737265, "recall": 0.5013404825737265, "f1-score": 0.5013404825737265, "support": 373}, "macro avg": {"precision": 0.49113971324989525, "recall": 0.5032587538672731, "f1-score": 0.4736494411807099, "support": 373}, "weighted avg": {"precision": 0.4976422686676686, "recall": 0.5013404825737265, "f1-score": 0.47602584629426864, "support": 373}, "loss": 1.16169011592865, "Acc": 0.5013404825737265, "fold": 1}
