{"0": {"precision": 0.5882352941176471, "recall": 0.7142857142857143, "f1-score": 0.6451612903225806, "support": 84}, "1": {"precision": 0.6568627450980392, "recall": 0.7204301075268817, "f1-score": 0.6871794871794871, "support": 93}, "2": {"precision": 0.6226415094339622, "recall": 0.6, "f1-score": 0.611111111111111, "support": 110}, "3": {"precision": 0.5714285714285714, "recall": 0.4186046511627907, "f1-score": 0.48322147651006714, "support": 86}, "micro avg": {"precision": 0.613941018766756, "recall": 0.613941018766756, "f1-score": 0.613941018766756, "support": 373}, "macro avg": {"precision": 0.609792030019555, "recall": 0.6133301182438466, "f1-score": 0.6066683412808115, "support": 373}, "weighted avg": {"precision": 0.6116177565163351, "recall": 0.613941018766756, "f1-score": 0.6082587396699117, "support": 373}, "acc": 0.613941018766756, "modelname": "gru", "fold": 0}
{"0": {"precision": 0.6581196581196581, "recall": 0.7549019607843137, "f1-score": 0.7031963470319635, "support": 102}, "1": {"precision": 0.5816326530612245, "recall": 0.6705882352941176, "f1-score": 0.6229508196721311, "support": 85}, "2": {"precision": 0.5729166666666666, "recall": 0.632183908045977, "f1-score": 0.6010928961748634, "support": 87}, "3": {"precision": 0.5645161290322581, "recall": 0.35353535353535354, "f1-score": 0.4347826086956522, "support": 99}, "micro avg": {"precision": 0.6005361930294906, "recall": 0.6005361930294906, "f1-score": 0.6005361930294906, "support": 373}, "macro avg": {"precision": 0.5942962767199518, "recall": 0.6028023644149404, "f1-score": 0.5905056678936526, "support": 373}, "weighted avg": {"precision": 0.5959727276477286, "recall": 0.6005361930294906, "f1-score": 0.5898536388672228, "support": 373}, "acc": 0.6005361930294906, "modelname": "gru", "fold": 1}
{"0": {"precision": 0.7157894736842105, "recall": 0.7157894736842105, "f1-score": 0.7157894736842105, "support": 95}, "1": {"precision": 0.6055045871559633, "recall": 0.6666666666666666, "f1-score": 0.6346153846153847, "support": 99}, "2": {"precision": 0.5543478260869565, "recall": 0.6375, "f1-score": 0.5930232558139535, "support": 80}, "3": {"precision": 0.631578947368421, "recall": 0.4897959183673469, "f1-score": 0.5517241379310346, "support": 98}, "micro avg": {"precision": 0.6263440860215054, "recall": 0.6263440860215054, "f1-score": 0.6263440860215054, "support": 372}, "macro avg": {"precision": 0.6268052085738878, "recall": 0.6274380146795561, "f1-score": 0.6237880630111459, "support": 372}, "weighted avg": {"precision": 0.6295363361760811, "recall": 0.6263440860215054, "f1-score": 0.6245638415572065, "support": 372}, "acc": 0.6263440860215054, "modelname": "gru", "fold": 2}
{"0": {"precision": 0.5811965811965812, "recall": 0.7472527472527473, "f1-score": 0.6538461538461539, "support": 91}, "1": {"precision": 0.5818181818181818, "recall": 0.6881720430107527, "f1-score": 0.6305418719211823, "support": 93}, "2": {"precision": 0.5833333333333334, "recall": 0.4329896907216495, "f1-score": 0.4970414201183433, "support": 97}, "3": {"precision": 0.547945205479452, "recall": 0.43956043956043955, "f1-score": 0.4878048780487805, "support": 91}, "micro avg": {"precision": 0.5752688172043011, "recall": 0.5752688172043011, "f1-score": 0.5752688172043011, "support": 372}, "macro avg": {"precision": 0.5735733254568871, "recall": 0.5769937301363972, "f1-score": 0.5673085809836149, "support": 372}, "weighted avg": {"precision": 0.5737750721235034, "recall": 0.5752688172043011, "f1-score": 0.5665152036091082, "support": 372}, "acc": 0.5752688172043011, "modelname": "gru", "fold": 3}
