{"0": {"precision": 0.6222222222222222, "recall": 0.6666666666666666, "f1-score": 0.6436781609195403, "support": 84}, "1": {"precision": 0.6179775280898876, "recall": 0.5913978494623656, "f1-score": 0.6043956043956045, "support": 93}, "2": {"precision": 0.5436893203883495, "recall": 0.509090909090909, "f1-score": 0.5258215962441315, "support": 110}, "3": {"precision": 0.4175824175824176, "recall": 0.4418604651162791, "f1-score": 0.42937853107344637, "support": 86}, "micro avg": {"precision": 0.5495978552278821, "recall": 0.5495978552278821, "f1-score": 0.5495978552278821, "support": 373}, "macro avg": {"precision": 0.5503678720707192, "recall": 0.5522539725840551, "f1-score": 0.5508184731581807, "support": 373}, "weighted avg": {"precision": 0.5508216888306503, "recall": 0.5495978552278821, "f1-score": 0.5497176567967921, "support": 373}, "acc": 0.5495978552278821, "modelname": "gruwithAttention", "fold": 0}
{"0": {"precision": 0.7553191489361702, "recall": 0.696078431372549, "f1-score": 0.7244897959183673, "support": 102}, "1": {"precision": 0.5555555555555556, "recall": 0.5882352941176471, "f1-score": 0.5714285714285715, "support": 85}, "2": {"precision": 0.5051546391752577, "recall": 0.5632183908045977, "f1-score": 0.532608695652174, "support": 87}, "3": {"precision": 0.5543478260869565, "recall": 0.5151515151515151, "f1-score": 0.5340314136125655, "support": 99}, "micro avg": {"precision": 0.5924932975871313, "recall": 0.5924932975871313, "f1-score": 0.5924932975871313, "support": 373}, "macro avg": {"precision": 0.592594292438485, "recall": 0.5906709078615772, "f1-score": 0.5906396191529195, "support": 373}, "weighted avg": {"precision": 0.5981063372776614, "recall": 0.5924932975871313, "f1-score": 0.594304166821676, "support": 373}, "acc": 0.5924932975871313, "modelname": "gruwithAttention", "fold": 1}
{"0": {"precision": 0.7701149425287356, "recall": 0.7052631578947368, "f1-score": 0.7362637362637363, "support": 95}, "1": {"precision": 0.5, "recall": 0.5050505050505051, "f1-score": 0.5025125628140703, "support": 99}, "2": {"precision": 0.4807692307692308, "recall": 0.625, "f1-score": 0.5434782608695652, "support": 80}, "3": {"precision": 0.49382716049382713, "recall": 0.40816326530612246, "f1-score": 0.446927374301676, "support": 98}, "micro avg": {"precision": 0.5564516129032258, "recall": 0.5564516129032258, "f1-score": 0.5564516129032258, "support": 372}, "macro avg": {"precision": 0.5611778334479484, "recall": 0.5608692320628411, "f1-score": 0.557295483562262, "support": 372}, "weighted avg": {"precision": 0.563219139059579, "recall": 0.5564516129032258, "f1-score": 0.5563735005773586, "support": 372}, "acc": 0.5564516129032258, "modelname": "gruwithAttention", "fold": 2}
{"0": {"precision": 0.6956521739130435, "recall": 0.7032967032967034, "f1-score": 0.6994535519125683, "support": 91}, "1": {"precision": 0.5252525252525253, "recall": 0.5591397849462365, "f1-score": 0.5416666666666666, "support": 93}, "2": {"precision": 0.4942528735632184, "recall": 0.44329896907216493, "f1-score": 0.4673913043478261, "support": 97}, "3": {"precision": 0.39361702127659576, "recall": 0.4065934065934066, "f1-score": 0.39999999999999997, "support": 91}, "micro avg": {"precision": 0.5268817204301075, "recall": 0.5268817204301075, "f1-score": 0.5268817204301075, "support": 372}, "macro avg": {"precision": 0.5271936485013458, "recall": 0.5280822159771279, "f1-score": 0.5271278807317653, "support": 372}, "weighted avg": {"precision": 0.526651909533264, "recall": 0.5268817204301075, "f1-score": 0.5262425530800614, "support": 372}, "acc": 0.5268817204301075, "modelname": "gruwithAttention", "fold": 3}
