{"0": {"precision": 0.6896551724137931, "recall": 0.7142857142857143, "f1-score": 0.7017543859649122, "support": 84}, "1": {"precision": 0.6304347826086957, "recall": 0.6236559139784946, "f1-score": 0.6270270270270271, "support": 93}, "2": {"precision": 0.6228070175438597, "recall": 0.6454545454545455, "f1-score": 0.6339285714285715, "support": 110}, "3": {"precision": 0.475, "recall": 0.4418604651162791, "f1-score": 0.4578313253012048, "support": 86}, "micro avg": {"precision": 0.6085790884718498, "recall": 0.6085790884718498, "f1-score": 0.6085790884718498, "support": 373}, "macro avg": {"precision": 0.6044742431415872, "recall": 0.6063141597087583, "f1-score": 0.6051353274304289, "support": 373}, "weighted avg": {"precision": 0.6056842927485038, "recall": 0.6085790884718498, "f1-score": 0.6068807473662537, "support": 373}, "acc": 0.6085790884718498, "modelname": "lstmwithAttention", "fold": 0}
{"0": {"precision": 0.7272727272727273, "recall": 0.7843137254901961, "f1-score": 0.7547169811320754, "support": 102}, "1": {"precision": 0.6292134831460674, "recall": 0.6588235294117647, "f1-score": 0.6436781609195402, "support": 85}, "2": {"precision": 0.6210526315789474, "recall": 0.6781609195402298, "f1-score": 0.6483516483516483, "support": 87}, "3": {"precision": 0.5949367088607594, "recall": 0.47474747474747475, "f1-score": 0.5280898876404494, "support": 99}, "micro avg": {"precision": 0.6487935656836461, "recall": 0.6487935656836461, "f1-score": 0.6487935656836461, "support": 373}, "macro avg": {"precision": 0.6431188877146254, "recall": 0.6490114122974164, "f1-score": 0.6437091695109283, "support": 373}, "weighted avg": {"precision": 0.6450275532810121, "recall": 0.6487935656836461, "f1-score": 0.6444538017067842, "support": 373}, "acc": 0.6487935656836461, "modelname": "lstmwithAttention", "fold": 1}
{"0": {"precision": 0.7115384615384616, "recall": 0.7789473684210526, "f1-score": 0.7437185929648242, "support": 95}, "1": {"precision": 0.6666666666666666, "recall": 0.6060606060606061, "f1-score": 0.6349206349206349, "support": 99}, "2": {"precision": 0.5, "recall": 0.55, "f1-score": 0.5238095238095238, "support": 80}, "3": {"precision": 0.5444444444444444, "recall": 0.5, "f1-score": 0.5212765957446809, "support": 98}, "micro avg": {"precision": 0.6102150537634409, "recall": 0.6102150537634409, "f1-score": 0.6102150537634409, "support": 372}, "macro avg": {"precision": 0.6056623931623931, "recall": 0.6087519936204147, "f1-score": 0.605931336859916, "support": 372}, "weighted avg": {"precision": 0.6100852403271758, "recall": 0.6102150537634409, "f1-score": 0.6088717136466177, "support": 372}, "acc": 0.6102150537634409, "modelname": "lstmwithAttention", "fold": 2}
{"0": {"precision": 0.65, "recall": 0.7142857142857143, "f1-score": 0.680628272251309, "support": 91}, "1": {"precision": 0.6547619047619048, "recall": 0.5913978494623656, "f1-score": 0.6214689265536724, "support": 93}, "2": {"precision": 0.5520833333333334, "recall": 0.5463917525773195, "f1-score": 0.5492227979274611, "support": 97}, "3": {"precision": 0.4782608695652174, "recall": 0.4835164835164835, "f1-score": 0.48087431693989074, "support": 91}, "micro avg": {"precision": 0.5833333333333334, "recall": 0.5833333333333334, "f1-score": 0.5833333333333334, "support": 372}, "macro avg": {"precision": 0.5837765269151138, "recall": 0.5838979499604707, "f1-score": 0.5830485784180832, "support": 372}, "weighted avg": {"precision": 0.5836469881898528, "recall": 0.5833333333333334, "f1-score": 0.5827095623248775, "support": 372}, "acc": 0.5833333333333334, "modelname": "lstmwithAttention", "fold": 3}
