{"0": {"precision": 0.42962962962962964, "recall": 0.6904761904761905, "f1-score": 0.5296803652968036, "support": 84}, "1": {"precision": 0.49193548387096775, "recall": 0.6559139784946236, "f1-score": 0.5622119815668202, "support": 93}, "2": {"precision": 0.7746478873239436, "recall": 0.5, "f1-score": 0.6077348066298343, "support": 110}, "3": {"precision": 0.6046511627906976, "recall": 0.3023255813953488, "f1-score": 0.40310077519379844, "support": 86}, "micro avg": {"precision": 0.5361930294906166, "recall": 0.5361930294906166, "f1-score": 0.5361930294906166, "support": 373}, "macro avg": {"precision": 0.5752160409038096, "recall": 0.5371789375915408, "f1-score": 0.525681982171814, "support": 373}, "weighted avg": {"precision": 0.587265835105959, "recall": 0.5361930294906166, "f1-score": 0.5316256310096359, "support": 373}, "acc": 0.5361930294906166, "modelname": "lstm", "fold": 0}
{"0": {"precision": 0.8111111111111111, "recall": 0.7156862745098039, "f1-score": 0.7604166666666667, "support": 102}, "1": {"precision": 0.7857142857142857, "recall": 0.5176470588235295, "f1-score": 0.624113475177305, "support": 85}, "2": {"precision": 0.5288461538461539, "recall": 0.632183908045977, "f1-score": 0.5759162303664922, "support": 87}, "3": {"precision": 0.5284552845528455, "recall": 0.6565656565656566, "f1-score": 0.5855855855855857, "support": 99}, "micro avg": {"precision": 0.6353887399463807, "recall": 0.6353887399463807, "f1-score": 0.6353887399463807, "support": 373}, "macro avg": {"precision": 0.663531708806099, "recall": 0.6305207244862417, "f1-score": 0.6365079894490124, "support": 373}, "weighted avg": {"precision": 0.6644657806284041, "recall": 0.6353887399463807, "f1-score": 0.6399191163671012, "support": 373}, "acc": 0.6353887399463807, "modelname": "lstm", "fold": 1}
{"0": {"precision": 0.8591549295774648, "recall": 0.6421052631578947, "f1-score": 0.7349397590361445, "support": 95}, "1": {"precision": 0.44666666666666666, "recall": 0.6767676767676768, "f1-score": 0.538152610441767, "support": 99}, "2": {"precision": 0.3826086956521739, "recall": 0.55, "f1-score": 0.4512820512820513, "support": 80}, "3": {"precision": 0.6111111111111112, "recall": 0.22448979591836735, "f1-score": 0.3283582089552239, "support": 98}, "micro avg": {"precision": 0.521505376344086, "recall": 0.521505376344086, "f1-score": 0.521505376344086, "support": 372}, "macro avg": {"precision": 0.5748853507518541, "recall": 0.5233406839609847, "f1-score": 0.5131831574287966, "support": 372}, "weighted avg": {"precision": 0.5815518893841988, "recall": 0.521505376344086, "f1-score": 0.5144571347374857, "support": 372}, "acc": 0.521505376344086, "modelname": "lstm", "fold": 2}
{"0": {"precision": 0.8108108108108109, "recall": 0.6593406593406593, "f1-score": 0.7272727272727272, "support": 91}, "1": {"precision": 0.43243243243243246, "recall": 0.5161290322580645, "f1-score": 0.47058823529411764, "support": 93}, "2": {"precision": 0.676923076923077, "recall": 0.4536082474226804, "f1-score": 0.54320987654321, "support": 97}, "3": {"precision": 0.4672131147540984, "recall": 0.6263736263736264, "f1-score": 0.5352112676056339, "support": 91}, "micro avg": {"precision": 0.5618279569892473, "recall": 0.5618279569892473, "f1-score": 0.5618279569892473, "support": 372}, "macro avg": {"precision": 0.5968448587301047, "recall": 0.5638628913487576, "f1-score": 0.5690705266789222, "support": 372}, "weighted avg": {"precision": 0.5972525051187135, "recall": 0.5618279569892473, "f1-score": 0.5681239447338042, "support": 372}, "acc": 0.5618279569892473, "modelname": "lstm", "fold": 3}
